2018年2月26日,"
海峡论谈：台大校长任命一波三折 《无问西东》精神今何在？
",台湾总统蔡英文的母校--台湾大学的校长任命案一波三折，星期一台大就要... 对照台大校长任命风波与北京清华大学遴选资深教授的争议，究竟两岸学术自由的现况距离民国时代《无问西东》的精神有多远... 兼容并包”，陈寅恪追求“自由之思想 独立之精神”以及清华大学《无问西东》的校训在今日的两岸大学是否已经荡然无存的问题，吴汉教授认为：“台湾大学在台湾算是首屈一指的大学，培育出来的... , 樊冬宁
2018年2月26日,"
海峡论谈：北京攻台前先暗杀美领导人？美智库报告惊悚指数破表!
","""解放军对台湾发动突袭""、""中国用巡航导弹... 《海峡论谈》邀请台湾淡江大学国际战略研究所教授黄介正、华人民主书院董事会主席王丹以及两岸问题专家吴汉与您一同探讨... 学者王丹不认为这份报告是特别针对目前两岸关系紧张态势所作的预测... 中共会宁愿让事情事缓则圆，会让两岸慢慢消耗处理这个矛盾... 对于台湾最近刚刚进行内阁改组，国安、军事、外交、两岸人事大搬风，这究竟是要贯彻蔡英文的意志... ", 樊冬宁
2018年2月24日,"
习近平经济智囊刘鹤将赴美解决中美贸易纠纷
",据媒体报道，中国国家主席习近平将派遣他的高级经济智囊刘鹤下周二到访华盛顿，在中国两会召开之前努力为太平洋两岸的中美两国贸易紧张局势降温... 另外一方面，中国领导人习近平和他的顾问一直在努力维持与美国的贸易关系现状，以便集中精力破解诸如中国依靠发债促进经济增长的难题等在内的国内议题... 分析人士认为，此行意在协调中美经贸关系，标志着刘鹤成为中方对美经贸关系的牵头人, 安华
2018年2月23日,"
美智库称中国启用台海航线反映“中国特色”
",今年初中国在台海中线启用M503民航路线引发台湾政府不满，指责中国... 针对台北与北京有关M503航线的争议，哈德逊研究所在其网站上称，中国的做法不仅违反台海两岸协议、威胁台海现状，更代表了一个更广泛趋势，那就是中国会采取“违反国际法、协议和常规的行动... 在所有这些领域中，台湾一直都是一个实验场和一个前线，这应该可以帮助我们去理解，为什么我们与台湾的关系是如此的重要... , 锺辰芳
2018年2月22日,"
中国偷袭台湾？大国竞争时代18种可能的突发变化
",大国竞争时代来临，而且大国之间也正在为可能的战争做准备... 美国智库战略与国际研究中心发布最新报告说，虽然突发行动（surprise）是战争的常见状态，但是，由于大国竞争可能威胁到国家的存亡，美国有必要现在就考虑可能出现的突发行动... 报告列举了大国竞争时代18种可能的突发状况，其中包括中国突袭台湾，中国攻击美国网络、美国东亚盟友系统崩溃等等... 大国竞争时代，美军绝对优势... , 斯洋
2018年2月21日,"
蔡英文：维持稳定、可预测的两岸关系
",台湾总统蔡英文21日承诺要维持一个稳定、具一致性、可预测的两岸关系... 台湾总统蔡英文说，两岸关系的和平发展，不只台商朋友高度关注，也是所有国人同胞关注的焦点... 她说，台湾一定会善尽其对区域安全的责任，维持一个稳定、具一致性、可预测的两岸关系... 台湾陆委会主委张小月在致辞中说，虽然两岸双方因为政治立场差距造成两岸的波折，让两岸关系仍然面临一些不确定性... 她说，大陆方面未经... , 杨明
2018年2月21日,"
北京挤压台北 华盛顿应如何反应？
",正在不断加剧，一些观察人士呼吁美国政府，对中国胁迫台湾的作为作出反应，但也有人认为，美国应该思考是否值得为台湾而与中国一战，甚至主张拿掉《台湾关系法》中可能涉及美国协防责任的内容... 1月初单方面启用台海中线M503民航路线等等，种种自台湾民进党政府上任以来而发动的军事、外交攻势，不仅引起各界对台海两岸关系发展的关注，许多人也担忧台海情势可能牵动美中关系的走向... , 锺辰芳
2018年2月19日,"
海峡论谈：蔡英文拜年释善意 春节拉近两岸距离？
",台湾总统蔡英文在除夕... 北京应该也在考虑是否要把两岸紧张的关系搞到不可收拾；而之前花莲救灾搞得大家也都灰头土脸，对于台湾来讲，两岸关系的低谷对民进党的选举也在考虑之内... 总结来讲，吴汉教授认为：“这次蔡总统的这次谈话似乎可以略有缓和两岸关系，但是对内对外的政策是否会有更多善意，还是只是一次春节的客套话... 在两岸关系里有一个变数就是中国大陆的武统，这对台湾来说很不受欢迎... , 樊冬宁
2018年2月19日,"
海峡论谈：蔡英文拜年释善意 春节拉近两岸距离？
",台湾总统蔡英文在除夕夜通过脸书给对岸的朋友们拜年，中共官媒旗下的《环球时报》一反常态，没有批评。双方是否对彼此释出了一些些的善意? 农历春节是否能够拉近海峡两岸的心理距离? 《海峡论谈》邀请两岸问题专家吴汉以及华府海华中心董事长赵惠普为您解读美中台领导人农历春节贺词并展望狗年的美中台关系。,
2018年2月19日,"
海峡论谈：台湾歌手春晚献艺 中华文化包装“锐实力”？
",的重头戏还包括林志炫与苗族大合唱，以及言承旭高唱《龙的传人》，另外由台湾资深演员--方芳和张晨光所表演的小品《回家》，则是描写一对台湾夫妻到山东寻亲，两岸团圆一家、笑泪交织的故事... 所以，我觉得这个现象是非常好的，这就是很强大的文化影响，这对两岸关系是好的... 但是通过流行文化来推动，让两岸民众通过两岸的偶像来彼此认同，这件事还是有利于在两岸之间互相渗透的... , 樊冬宁
2018年2月18日,"
海峡论谈：蔡英文拜年释善意 春节拉近两岸距离？
",台湾总统蔡英文在除夕夜通过脸书给对岸的朋友们拜年，中共官媒旗下的《环球时报》一反常态，没有批评。双方是否对彼此释出了一些些的善意? 农历春节是否能够拉近海峡两岸的心理距离? 《海峡论谈》邀请两岸问题专家吴汉以及华府海华中心董事长赵惠普为您解读美中台领导人农历春节贺词并展望狗年的美中台关系。,
2018年2月16日,"
美国总统川普的农历新年祝福
","在人们欢度新春佳节之际，川普总统携夫人梅拉尼亚送上了新春祝福... 以下是白宫声明的全文翻译：
我... 的确，这些美德奠定了我们国家的力量与繁荣，也引导着我们与邻国、友国和伙伴的关系... 22图）
??图集： 2018年中国春节春运及台海两岸春节航班之争（27图）
??图集： 欧洲大洋洲近年来... ", 美国之音
2018年2月16日,"
美太平洋司令：不接受中国任何武统台湾企图
",随着中国每年军事开支增加及军事能力增强，台湾的... 尽管基于美国的一中政策及美中3个联合公报，美国与台湾没有外交官关系，但在《台湾关系法》的规范下，美国与台湾人民“维持实质及强健的关系... 哈里斯还表示，太平洋司令部将致力于与中国维持建设性、以结果为导向的关系，因此尽管美国会公开点名中国在某些领域的侵略性作为，但也寻求中国在国际社会共同的安全目标上合作，例如朝鲜半岛... , 锺辰芳
2018年2月16日,"
意外，中国官媒对蔡英文拜年视频反应热情
",台湾总统蔡英文2月15日，农历新年除夕向在中国的“朋友”发拜年视频... 令人意外的是，这段视频引发中国官方媒体的热情反应，而没有像以往那样把她形容成是危险的台独分子... 蔡英文在拜年视频中说，农历新年在两岸都是重要的节庆，透过人民交流和媒体传播，也拉近双方的心理距离... 她说，在这里我要借着这个机会向对岸的朋友以及全世界其他地方的华人说声新年恭喜... 中国党媒环球时报对此发短文... , 美国之音
2018年2月15日,"
时事大家谈：中梵建交谈判：教廷为何向北京低头？
",中国和梵蒂冈的建交谈判据报已经接近尾声，教廷在主教任命这个关键问题上向北京做出妥协让步，纽约时报的最新报道指出，“梵蒂冈在中国面前低下了头... 北京与教廷关系的历史性解冻牵动的不仅仅是天主教内部的宗教利益，它还涉及到中国的全球政治、外交以及两岸关系等一系列重大议题，体现的是罗马教廷与北京政府之间利益交换... 什么样的宗教利益促使梵蒂冈对中国做出重大的妥协... , 许波
2018年2月14日,"
时事大家谈：中梵建交谈判：教廷为何向北京低头？
",中国和梵蒂冈的建交谈判据报已经接近尾声，教廷在主教任命这个关键问题上向北京做出妥协让步，纽约时报的最新报道指出，“梵蒂冈在中国面前低下了头”。北京与教廷关系的历史性解冻牵动的不仅仅是天主教内部的宗教利益，它还涉及到中国的全球政治、外交以及两岸关系等一系列重大议题，体现的是罗马教廷与北京政府之间利益交换。什么样的宗教利益促使梵蒂冈对中国做出重大的妥协？何种政治和宗教考虑促使北京与教廷和解？中梵建交对于天主教的宗教和政治原则又有何种影响？, 许波
2018年2月14日,"
时事大家谈 完整版（2018年2月14日）
",话题【中梵建交谈判：教廷为何向北京低头？】 主持：许波 嘉宾：1）基督教人权机构对华援助协会会长傅希秋; 2）北京地下教会圣爱团契长老徐永海； 3）北京宣武门天主教堂的赵庆龙神父 中国和梵蒂冈的建交谈判据报已经接近尾声，教廷在主教任命这个关键问题上向北京做出妥协让步，纽约时报的最新报道指出，“梵蒂冈在中国面前低下了头”。北京与教廷关系的历史性解冻牵动的不仅仅是天主教内部的宗教利益，它还涉及到中国的全球政治、外交以及两岸关系等一系列重大议题，体现的是罗马教廷与北京政府之间利益交换。, 许波
2018年2月14日,"
在台震灾时高调宣扬外交战果 北京冷血?
",台湾政府星期二指责中国选择在台湾“尚处于花莲震灾的伤痛”时，“高调宣布”巴布亚新几内亚降级与台湾的关系，强迫台湾驻该国代表处更名、摘牌，并没收领事车牌... 台湾外交部发言人李宪章告诉... 巴布亚新几内亚与台湾没有正式外交关系，不过李宪章说，自1989年台湾与该国签署设处的备忘录之后，1990年即在其首都莫尔兹比港设立“中华民国(台湾)驻巴布亚纽几内亚商务代表团”，多... , 锺辰芳
2018年2月13日,"
川普政策不明 美专家忧台湾渐失抗拒北京压力之信心
",随着中国加大对台湾的压力，美国... 美国智库2049项目研究所执行主任石明凯(Mark Stokes)也在会中指出，现今台海现实情况是两岸各自有合法的政府，但北京在地缘政治及共产党政权合法性的考量下对台湾采取“零和”立场，美国不应该只接受北京的一中立场，只和它维持官方关系，而是应该考虑到自身的利益而采取渐进式做法，在维持美国自己的一中政策下“平衡”北京与台北的... , 锺辰芳
2018年2月12日,"
海峡论谈：平昌冬奥成平壤冬奥 五色环令谁自豪?
",韩国平昌冬季奥运会开幕，朝韩选手共举半岛旗入场，朝鲜派出“美人军”发动... 另一方面，韩国总统文在寅在青瓦台接见金正恩胞妹金与正，金与正代表金正恩邀请文在寅访问朝鲜，并表示期待平壤和首尔关系将更加紧密，实现统一和繁荣... 两韩的经济差距是非常大的，但是目前我们来看两岸的经济，在中国的经济崛起之后，再加上台湾这几年经济的停滞，所以两岸之间的经济关系发生了一个非常大的反转... , 樊冬宁
2018年2月12日,"
海峡论谈：台湾花莲陷地震灾害 患难中谁是真爱?
",安倍晋三首相的动作，代表他个人对台湾的感谢，但并不能因此解读为，台湾和日本的关系有大幅的提升，只能说安倍本人对台湾有好感... 患难见真情，究竟这次花莲地震能否成为两岸关系破冰的契机... 两岸之前因为M503航线的争议，春节加班机停飞，两岸关系陷入冰点，中国国航从2月11日至15日，连续五天加开重庆飞台湾航班，让大陆的台商与台湾学生可以回家过年，消息一出，网上甚至... , 樊冬宁
2018年2月12日,"
海峡论谈：平昌冬奥成平壤冬奥 五色环令谁自豪?
",韩国平昌冬季奥运会开幕，两韩选手共举半岛旗入场，朝鲜派出“美人军”发动魅力攻势，正妹啦啦队加油，吸引媒体目光;不过由玄松月率领的艺术团在表演时遭到韩国民众抗议，抗议者反对朝鲜的政治宣传，批评平昌冬奥变成了平壤冬奥。此外，奥运史上首见的，韩国与朝鲜共组的女子冰球队，首战失利，以0比8惨败给瑞士队，团结是否比赢更重要？五色环究竟令谁自豪？另一方面，韩国总统文在寅在青瓦台接见金正恩的胞妹金与正，金与正代表金正恩邀请文在寅访问朝鲜，并表示：期待平壤和首尔关系将更加紧密，实现统一和繁荣奥运会与国族认同之间究竟有何关联？两岸又能否从两韩的冬奥模式得到启示？,
2018年2月11日,"
海峡论谈：平昌冬奥成平壤冬奥 五色环令谁自豪?
",韩国平昌冬季奥运会开幕，两韩选手共举半岛旗入场，朝鲜派出“美人军”发动魅力攻势，正妹啦啦队加油，吸引媒体目光;不过由玄松月率领的艺术团在表演时遭到韩国民众抗议，抗议者反对朝鲜的政治宣传，批评平昌冬奥变成了平壤冬奥。此外，奥运史上首见的，韩国与朝鲜共组的女子冰球队，首战失利，以0比8惨败给瑞士队，团结是否比赢更重要？五色环究竟令谁自豪？另一方面，韩国总统文在寅在青瓦台接见金正恩的胞妹金与正，金与正代表金正恩邀请文在寅访问朝鲜，并表示：期待平壤和首尔关系将更加紧密，实现统一和繁荣奥运会与国族认同之间究竟有何关联？两岸又能否从两韩的冬奥模式得到启示？,
2018年2月11日,"
海峡论谈 完整版（2018年2月11日）
",台湾花莲传出地震灾情，遇难者包括来自中国大陆的游客，国台办表示愿意派救援队前往救灾，遭到婉谢；与此同时，蔡英文总统感谢日本首相安倍为台湾加油，称安倍是真正的朋友。这是患难见真情，还是真心换绝情? 花莲地震能否成为两岸破冰的契机? 另一方面，平昌冬季奥运会登场，金正恩借机举行阅兵，朝鲜派出的选手、啦啦队与“美人军”成为媒体焦点，韩国民众抗议平昌冬奥失焦，变成了“平壤冬奥”。奥运会与国族认同之间究竟有何关联? 两岸又能否从两韩的冬奥模式得到启示?《海峡论谈》本周日邀请台湾淡江大学国际关系教授林若雩和台湾政治大学国关中心教授蔡增家为您深入分析,
2018年2月10日,"
美专家称中国在国际组织秀肌肉阻挠台湾参与
",中国对台湾参与国际组织的问题一向非常注意，担心在国际上造成“一中一台”或“两个中国”的印象，因此坚持国际社会对台湾的参与不能违反“一中原则... 有分析人士说，由于中国的强势及美国的长期... 协商即单方面启用M503北上航线，台湾认为这个航线违反国际民航组织(ICAO)的规定，希望北京能与台湾协商，台湾“愿意在北京想要的地点协商所有关于台海两岸议题的任何细节，越快越好... , 锺辰芳
2018年2月10日,"
美日友台举措引发北京强烈不满
",没有法律约束力”，但严重违反一个中国原则和美中三个联合公报规定，中方对此强烈不满和坚决反对，中国政府敦促美国“停止审议有关法案”，妥善处理涉台问题，以维护两国关系及台海局势的稳定... 她说，在人道救援上“两岸没有距离”，台湾政府会尽最大努力，也希望两岸一起为失踪者祈福... , 锺辰芳
2018年2月9日,"
慰问台湾地震 安倍致函蔡英文 北京绕过蔡政府
",林正义此行访美只有2天行程短暂，除了星期四上午在华盛顿智库传统基金会发表演说，就最近台海两岸有关台海中线M503航线的争议表达台湾政府的立场外，他也和川普政府官员就一段期间以来两岸关系的发展交换了意见... , 锺辰芳
2018年2月8日,"
中国大陆创业基地吸引台湾青年 台湾面临人才外流
",中国大陆近年来出现众多所谓的“创业孵化园”，专门吸引台湾青年人前往发展。而台湾却面临着人才外流的困境。,
2018年2月7日,"
中国大陆创业基地吸引台湾青年 台湾面临人才外流
",中国大陆近年来出现众多所谓的“创业孵化园”，专门吸引... 这家中心的名称为“金山海峡两岸青年创业基地”，是中国大陆发展与台湾交流新面貌的一部分... 自从一场由青年人领导的运动帮助台湾总统蔡英文以压倒性的优势当选，台湾的青年人就被视为在北京与台北糟糕的关系中需要争取到的一个关键群体... 据路透社报道，中国政府多年来对台政策的重点一直集中在提升同传统企业的关系，这一政策仍在沿用... , 美国之音
2018年2月7日,"
台湾花莲强震之后，救援行动持续进行
","台湾东部花莲市星期二深夜发生了里氏6级规模强震，至少造成6人死亡，多位民众仍然受困在坍塌的大楼当中，目前救援工作还在持续进行... 台湾花莲强震之后，救援行动持续进行
截至发稿为止，这起地震至少造成6人死亡，256人受伤，88人失联，目前搜救人员... 台湾“中央社”报道，两岸艺人包括黄晓明夫妇、伊能静、林志颖、李冰冰等人都透过微博为地震灾民祈福，愿大家平安... ", 张永泰
2018年2月7日,"
台湾强震大陆人受伤 两岸伸援手暂缓紧张气氛
",台湾2月6日（星期二）半夜发生抗震导致人员伤亡后，台湾和中国大陆各自向对方伸出了救助之手，暂时缓解了因台海航线争议引发的紧张气氛... 震中在花莲外海的6.4级强震... 与此同时，国台办主任张志军与花莲县官员通话，称两岸同胞是血浓于水的一家人，这次地震牵动了大陆同胞的心，国台办向遇难的台湾同胞表达沉痛哀悼... 最近，双方关系因北京单方面决定启用海峡中线飞机新航线而变得更加紧张, 黎堡
2018年2月6日,"
美参院外委会排定本周审议台湾旅行法
",此外，美国在台协会执行理事罗瑞智(John Norris)在会中展望农历狗年美台关系的前景时表示，2018年美国在台协会台北办事处位于台北内湖的新建筑将落成启用，这是美台关系重要的新里程碑，显示双边关系的活力，未来美国会持续支持台湾，确保台湾有不受胁迫的信心... 台湾陆委会对此作出回应，强调维护台海两岸良性互动是双方责任，“不是一方用政治、军事强权压力来迫另方妥协, 锺辰芳
2018年2月5日,"
海峡论谈：美中台谍对谍 第五代战争开打？
",针对近来两岸谍案频传， 前台湾国安局第一处副处长萧台福、《情报的艺术》一书作者在《海峡论谈》节目中分析：“别说现在两岸为了统独而紧张，就是马政府两岸和解... 日前也提醒川普总统的家人要小心提防传媒大亨梅铎的华裔前妻邓文迪与中国政权不寻常的关系，加上之前美国海军台裔军官林介良的案子，一连串案件是否显示中国的情报工作针对这些在美国的华裔人士... , 樊冬宁
2018年2月5日,"
海峡论谈：反制中国监控 美台发展5G计划？
",中国的天网工程有如真实版的《全民公敌》，2000万支监视器加上人工智能与大数据，外媒记者实地测试，只用了七分钟就被中国的“天眼”抓获... 而中共的监控能力与无所不在的渗透，也已经引起... 至于两岸之间不见硝烟的战争，萧台福说：“几年前我写《情报的艺术》一书时就警告 过‘为何而战’的问题，即使是国共之间的一个中国之争，应该是人民的生活方式之争，而不是谁上台掌权，而这也... , 樊冬宁
2018年2月4日,"
海峡论谈：美中台谍对谍 第五代战争开打？
",美中台三方最近传出多起间谍案，继陆生周泓旭被指控吸收新党青年军，在台湾发展共谍组织之后，上个星期天，江苏省也宣称破获一宗 “重大间谍案”，指两名北京前武警被台湾间谍策反，涉嫌向台湾提供武警部队和军工企业情报。另一方面，美国司法部上个月逮捕一名疑似“双面谍”的前中情局华裔特工，据称这名在香港工作的李姓男子可能导致美国中情局在中国布建多年的情报网被瓦解，有十多名CIA的线人在中国遭到杀害或关押。两岸近来为何谍案频传？美中台谍战升级是否折射出三方关系的微妙变化？《海峡论谈》请前台湾国安局第一处副处长、《情报的艺术》作者萧台福先生与台湾中正大学战略与国际事务研究所的林颖佑教授为您深入分析。,
2018年2月3日,"
高硕泰称已向美表达台湾对国旗事件立场
",确保台湾的尊严与尊重不受影响，因此他也感谢美方透过正式发言人，强调美台之间坚实的伙伴关系，以及“两个国家共享的核心价值”，台湾赢得了美国的尊重，在区域及国际社会都发挥正向力量，扮演... 贸易，美国对此给予高度肯定，对于有台湾民众涉及违反制裁的个别案例，台湾警政及司法单位也进行调查，台湾作为国际社会负责任的成员，在分享资讯与协同行动上与美方也有“无缝接轨”的合作关系... , 锺辰芳
2018年2月2日,"
台海航线争议中 美将把毒刺导弹交运台湾
",上，台湾淡江大学教授黄介正说，中国对台工作会议即将举行，3月的两会将调整对台工作人事，未来两岸关系只会紧不会松，中国对台湾的做法已脱离两岸协商处理共同事务的模式，改为片面制定法律或发布规定来定位两岸关系，M503航线的启用只是一个开端... , 锺辰芳
2018年2月1日,"
VOA连线(张永泰)：两岸就春节加班机议题隔空喊话
",台湾不核准中国两家航空公司的春节包机之后，中国国台办发言人马晓光表示，此举将损害台湾民众反乡过节的权益，非常不得人心。而台湾方面对此又有何反应？美国之音驻台北特约记者张永泰为您介绍有关情况。, 雨舟
2018年2月1日,"
专家：美须助台抗衡北京M503航线压迫
",中国年初启用台海中线新民航路线引发台海两岸争议，美国军事专家说，中国正以M503航线压迫台湾、挑战台海现状，长期以后将影响台海稳定，美国必须对中国的威胁行为发出信号，让北京知道它的... 个航班的加班机申请，中国国台办发言人马晓光在例行记者会上，批评台湾的决定导致东航、厦航不得不采取取消班机及无偿退票等后续服务，为数万旅客带来不便，为两岸许多家庭春节团聚制造困难... , 锺辰芳
2018年1月31日,"
台湾人权活动人士李明哲的妻子遭拒前往中国探监
",台湾人权活动人士李明哲的妻子李净瑜希望前往中国探监，却被拒发签证，台湾陆委会呼吁中国方面落实人道探视的规定... 李明哲的妻子李净瑜向媒体展示李明哲以往活动的照片(2017年3月28日... 由台湾多个人权团体组成的李明哲救援大队发表声明指出，两岸签署共同打击犯罪及司法互助协议之后，台湾政府都严谨遵守协议内容，对于任何遭逮捕人士，务必告知中方及家属，反观中国政府则完全不... , 张永泰
2018年1月30日,"
因应中国解放军威胁，台湾举行春节战备操演
","台湾军方星期二举行春节加强战备操演，国防部发言人表示，中国解放军近来加大了对台湾的威胁，台湾军队必须做好战备... 因应中国解放军威胁，台湾举行春节战备操演
台湾国防部的这项军事操演，地点是在东部的花莲港，包括M60A3战车、F16战机、AH-1W攻击直升机等武器都参与了实弹演习... 这次操演的想定架构是300位敌方特工人员，利用春节连续假期，伪装渔捞作业... ", 张永泰
2018年1月29日,"
台陆委会主委：今年两岸关系面临更大挑战
",台湾主管大陆事务的陆委会主委张小月表示，两岸关系今年将面临更大的挑战，中国大陆会持续对台采取两手策略，不过，她也呼吁双方应该尽速展开沟通对话。,
2018年1月29日,"
台陆委会主委：今年两岸关系面临更大挑战
","张小月还强调，台湾坚守自己的主权，两岸之间的互动一定要符合公平、对等、尊严的原则，双方维持和平稳定的关系，并早日开启沟通对话... 冲击两岸
台湾陆委会主委张小月（美国之音张永泰拍摄）
??张小月主委也再次呼吁双方就M503航线争议进行协商，并提醒中国大陆不要轻忽这个事件对两岸关系造成的冲击，台湾民众也会检验并以此作为两岸关系走向的指标... ", 张永泰
2018年1月29日,"
海峡论谈：从美国国防战略看大棋盘上的台湾
",美国川普政府一个月内接连发布《白宫国家安全战略》以及五角大楼的《美国国防战略报告》，这份新美国国防战略指出，中国与俄罗斯已经取代恐怖主义成为美国的头号威胁，并首次把太空和网络空间当成战争区域对待。与此同时，国防部长马蒂斯访问印度尼西亚和越南，强调美国与亚洲盟友之间的关系，并敲定美国的航空母舰今春访问越南。中方批评美国的新国防战略是要“重返冷战”，并反驳：“想要争霸、称霸的不是中国，而是美国”。究竟想要称霸的是中国还是美国？美中是否会陷入冷战？各界又是如何看大棋盘上的台湾？《海峡论谈》请新美国安全研究中心副研究员艾小磊(Alexander Sullivan)和两岸问题专家吴汉为您深入分析。,
2018年1月29日,"
海峡论谈：美中贸易战开打? 台湾恐被卷入
",美国总统川普真的对中国出手了吗... 去年美中双方才刚在“川... 台湾又是否会受到影响?《海峡论谈》请罗耀拉大学商学院副教授丁弘彬和两岸问题专家吴汉为您深入分析... 他说，在2008年金融危机之后有了短暂的合作关系，到最近大家可以看到，中国在对美贸易上的赤字还是在不断的增加... 此外，川普在达沃斯世界经济论坛上表示美国有意考虑重返跨太平洋战略经济伙伴关系协议TPP，对台湾又有何影响... , 樊冬宁
2018年1月29日,"
海峡论谈：从美国国防战略看大棋盘上的台湾
",美国川普政府一个月内接连发布《白宫国家安全战略》以及五角大楼的... 《海峡论谈》请新美国安全研究中心副研究员艾小磊(Alexander Sullivan)和两岸问题专家吴汉为您深入分析... 总统之前签署的2018国防授权法案也建议美军军舰停靠台湾，加上 白宫发布的国家安全战略报告中也特别提到台湾在美国印太战略中的角色，强调美国会依据《台湾关系法》提供台湾合理的防卫需求... , 樊冬宁
2018年1月29日,"
海峡论谈：美中贸易战开打? 台湾恐被卷入
",美国总统川普真的对中国出手了吗! 去年美中双方才刚在“川习会”上签署超过2500亿美元的大订单，但上周川普总统在白宫签署文告，正式启动201条款，针对洗衣机及太阳能板课征高额关税。 接着川普总统又在出席达沃斯世界经济论坛时，意有所指的表示，无法容忍其他国家掠夺性的贸易行为，盗取美国的知识产权。川普总统强调“美国优先”不是“美国孤立”，欢迎大家到美国来投资，他还说有意考虑重返跨太平洋战略经济伙伴关系协议TPP 。究竟美中贸易战是否一触即发? 台湾又是否会受到影响?《海峡论谈》请罗耀拉大学商学院副教授丁弘彬和两岸问题专家吴汉为您深入分析。,
2018年1月28日,"
海峡论谈：青天白日满地红 为何接连“被消失”?
",美国贸易代表署USTR才刚对美中贸易战打响第一枪，台湾媒体随即发现，美国贸易代表署USTR官网上的中华民国国旗... 《海峡论谈》请罗耀拉大学商学院副教授丁弘彬和两岸问题专家吴汉深入分析... 发言人在记者会上被问到撤旗一事时，称“台湾是重要伙伴，美国对台政策不变，也重申美国基于三个联合公报与《台湾关系法》，继续奉行一个中国政策；美国视台湾为重要伙伴，会持续给予坚定支持... , 樊冬宁
2018年1月28日,"
中国称破获涉台间谍案
","中国星期天说破获了两名前武警向台湾提供军事情报的重大间谍案... 江苏省人民检察院官方微信公众号说，江苏省人民检察院检察长刘华28日在一次人代会会议上说，苏州市检察院起诉了马亮亮、梁鑫向境外组织提供军事情报的重大间谍案... 亲北京的香港大公网报道这一消息时说这是一起向台湾提供情报的间谍案，两名犯罪嫌疑人已被提起公诉，该案目前正在法院审理中... 中国官媒人民日报旗下的环球网,以... ", 美国之音
2018年1月28日,"
海峡论谈：美中贸易战开打? 台湾恐被卷入
",美国总统川普真的对中国出手了吗! 去年美中双方才刚在“川习会”上签署超过2500亿美元的大订单，但上周川普总统在白宫签署文告，正式启动201条款，针对洗衣机及太阳能板课征高额关税。 接着川普总统又在出席达沃斯世界经济论坛时，意有所指的表示，无法容忍其他国家掠夺性的贸易行为，盗取美国的知识产权。川普总统强调“美国优先”不是“美国孤立”，欢迎大家到美国来投资，他还说有意考虑重返跨太平洋战略经济伙伴关系协议TPP 。究竟美中贸易战是否一触即发? 台湾又是否会受到影响?《海峡论谈》请罗耀拉大学商学院副教授丁弘彬和两岸问题专家吴汉为您深入分析。,
2018年1月28日,"
海峡论谈：从美国国防战略看大棋盘上的台湾
",美国川普政府一个月内接连发布《白宫国家安全战略》以及五角大楼的《美国国防战略报告》，这份新美国国防战略指出，中国与俄罗斯已经取代恐怖主义成为美国的头号威胁，并首次把太空和网络空间当成战争区域对待。与此同时，国防部长马蒂斯访问印度尼西亚和越南，强调美国与亚洲盟友之间的关系，并敲定美国的航空母舰今春访问越南。中方批评美国的新国防战略是要“重返冷战”，并反驳：“想要争霸、称霸的不是中国，而是美国”。究竟想要称霸的是中国还是美国？美中是否会陷入冷战？各界又是如何看大棋盘上的台湾？《海峡论谈》请新美国安全研究中心副研究员艾小磊(Alexander Sullivan)和两岸问题专家吴汉为您深入分析。,
2018年1月28日,"
海峡论谈：青天白日满地红 为何接连“被消失”?
",美国贸易代表署才对美中贸易战打响第一枪，台湾媒体随即发现，美国贸易代表署USTR官网上的中华民国国旗竟然消失了! 这也引起台湾方面的高度关注。台湾外交部表示，几个月前才针对美国国务院官网移除中华民国国旗，数度向美方询问原因，针对美国国务院领务局以及美国贸易代表署USTR这两个美国政府的官网也相继移除中华民国国旗的做法，不仅无法理解及接受，也感到失望；台湾外交部已向美方表达严正关切。而继多家跨国企业最近在中国的压力之下纷纷修改网站之后，中华民国国旗是否遭到两面夹杀? 青天白日满地红究竟是谁容不下？《海峡论谈》请罗耀拉大学商学院副教授丁弘彬和两岸问题专家吴汉为您深入分析。,
2018年1月26日,"
台湾密切注意梵蒂冈与中国协商主教任命
",不过，台湾立法院外交及国防委员会委员、民进党立委罗致政表示，梵蒂冈希望与中国关系正常化的方向很明确，如果双方就主教任命达成某种程度的共识，对台湾来说，确实是严重的外交警讯... 陈一新教授还指出，就他个人近几年去中国大陆走动的经验发现，无神论的中国政府也逐渐体认到宗教能安定人心，并有助于政治稳定，这项转变可能会减少对地下教会的打压，并与教廷建立更健康的关系... , 张永泰
2018年1月26日,"
美智库：北京打压蔡英文只会带来反效果
",上任一年多来已经证明，她在对待中国的态度上以谨慎、务实及透明化为优先，致力于维持台海两岸关系的稳定，同时也展现善意，表明愿意和北京建立两岸关系新模式，但北京却持续以各种方式胁迫台湾，包括最近的启用M503航线和公开羞辱那些将台湾视为... 不过中国政府说，仍然愿意对台湾展现最大善意，争取两岸和平统一，但绝不允许台湾从中国分裂出去... , 锺辰芳
2018年1月25日,"
台湾未核准增加班机 北京采取冷处理
",蔡英文拒绝以北京的... 蔡英文执政20个月以来对于中国施压的回应多半是指控北京官员不顾台湾的善意而阻挠两岸关系... 两岸经历了60年的敌对状态后，于2008年开放直航以提振观光，也让在中国的台商更便于返台过节... 在蔡英文的前任、对北京持友好立场的马英九执政八年时期，两岸经常会谈... 铭传大学国际关系教授刘广华(Nathan Liu)说，到台湾观光的中国旅客趋缓，但应该会持续成长... , 詹宁斯
2018年1月25日,"
台湾称无法接受美政府官网移除中华民国国旗
",李宪章说，外交部已向美方表达台湾的严正关切，近年来中国利用其“锐实力”在国际组织内限缩台湾国际空间，并在原应属于自由开放的互联网领域打压台湾，“完全无助于两岸关系的发展... 美国“仍然保证遵守以3个联合公报及《台湾关系法》为基础的一个中国政策... , 锺辰芳
2018年1月24日,"
台湾立委及人权团体持续声援中国维权律师
",台湾立法委员及人权团体在国际“受迫害律师日”，持续声援中国709大抓捕之后，目前仍然下落不明的维权律师王全璋等人... 他说：“我们在台湾努力扩大声援的社会力量，而且结合更多律师及各界关心世界人权，当然包括中国人权的团体和个人，积极地给于中国政府更多的呼吁及要求... 郭吉仁还说，2015年中国709大抓捕之后，已经超过900多天了，其中王全璋律师仍然下落不明，令人非常... , 张永泰
2018年1月24日,"
北京对台湾不核准新航班未做激烈反应
",中国对在与政治对手台湾打交道中罕见地受挫到目前为止没有激烈反应... 台湾航空当局上星期五对中国东方航空公司和厦门航空公司要求在中国农历新年期间增加176个航班的申请暂不核准... 此前台湾对中国单方面开始在台湾海峡上空增加并使用4条新航线表示不满... 台湾称，这些航线上的客机会离台湾领空太近，构成危险... 分析人士说，航班不足主要影响春节返回台湾过年的台商和前往台湾的游客，而不大... ,
2018年1月24日,"
美媒：中国对外国企业影响力引起华盛顿警觉
",跨国公司因其网站将台湾列为国家而遭到中国政府调查警告，近日不但成为国际媒体报道的标题，北京通过对外国企业对台湾的施压与胁迫，也引起国际社会对中国如何运用其庞大经济力量来影响跨国企业... 领土完整红线，是通过“结合政府力量、制造公共愤怒，运用国营媒体的负面宣传对美国公司施加巨大压力，迫使它们小心翼翼地遵循党的政治立场”，这种咄咄逼人的行为已经成为美中关系的一个议题... , 锺辰芳
2018年1月23日,"
台湾暂不核准中国2家航空公司申请春节加班机
","政治立场
台湾淡江大学战略研究所教授黄介正
??淡江大学战略研究所教授黄介正表示，目前两岸关系互信极低、善意下降，但是攸关人民权益的事情，就不能只考虑政治的... 我们有很多大陆的朋友，包括我自己的大陆学生，他要回去，有很多航班，他现在期末考刚结束，所以两岸人民的权益都会受到影响，我们希望双方还是能够以两岸共有一个中国春节的思路来出发、再考虑... ", 张永泰
2018年1月23日,"
北京步步进逼，蔡英文：别小看总统意志
",立电视台的专访中，针对中国以军机军舰绕台及启用M503航线对台施压，是否会使她因此改变两岸政策的问题表示，维持台海和平稳定是台湾政府的责任与目标，台湾在处理台海两岸关系上有三个重要关键，首先就是总统的坚定意志，其次是整体的政府抗压性，第三是人民的团结... , 锺辰芳
2018年1月22日,"
海峡论谈:两韩冬奥共举统一旗 两岸破冰遥遥无期？
",《海峡论谈》请台湾政治大学国关中心教授蔡增家及台湾淡江大学外交与国际关系学系专任教授林若雩为您深入分析... 韩国年轻人在北韩核武威胁下成长，对朝鲜的好感很低，也不如老一辈支持两韩统一，这跟两岸关系很类似，两岸现在也出现同样的问题，台湾年轻人因为北京打压台湾，对中国大陆的好感越来越低，也不支持两岸统一，因此目前两韩给两岸的一个启示，就是让北京好好思考他们对台湾的政策... , 樊冬宁
2018年1月22日,"
海峡论谈：北京掀起反分裂风潮 跨国企业纷纷拜倒
",继国际连锁酒店万豪集团、达美航空、澳航、西班牙服装公司ZARA等多... 蔡增家说：“我觉得把这样的一种商业行为无限放大，成为两岸关系上的政治行为，我觉得在这种情形下可以看到几个信息... 我看到的是现在民进党上台之后，中国大陆把两岸的问题强调为外部的势力对两岸关系的影响... 我觉得现在的这种举报其实是遏制西方国家对于两岸关系的介入和干预，我觉得这是中国大陆背后所释放的一种信号... , 樊冬宁
2018年1月22日,"
海峡论谈：北京掀起反分裂风潮 跨国企业纷纷拜倒
",继国际连锁酒店万豪集团、达美航空、澳航、西班牙服装公司ZARA等多家跨国企业因为把台湾、香港和西藏列为“国家”而被中国有关部门下令整改之后，在中国大陆发起的“反分裂国家”举报风潮越演越烈，包括宝格丽、香奈儿等国际知名精品以及20多家国际航空公司也先后被点名，迫使这些公司纷纷发表道歉声明，甚至开除相关员工。北京为何在此时掀起这波“反分裂风潮”？跨国企业为何接连拜倒？《海峡论谈》请台湾淡江大学外交与国际关系学系教授林若雩和台湾政治大学国际关系研究中心教授蔡增家槟深入分析。,
2018年1月21日,"
海峡论谈:两韩冬奥共举统一旗 两岸破冰遥遥无期？
",韩国平昌冬季奥运会即将登场，南北韩在板门店会谈中敲定双方将在开幕式上共举统一旗(又称半岛旗)进场，不仅如此，两韩也将共同组建一只包括23名韩国选手和12名朝鲜选手在内的女子冰球联队参赛，国际奥委会昨天公布相关细节，该联队的英文缩写是“COR”，队服标记“Korea”，国歌定为传统民谣《阿里郎》。朝鲜方面并将派出230人规模的啦啦队访问韩国。金正恩是否打算以体育外交突破困局? 两韩的冬奥模式又给两岸什么启示？另一方面，台湾团体发起2020东京奥运正名公投连署运动，未来中华台北队是否真的有可能改名为台湾队参加奥运？各界又是如何看待两韩与两岸未来的分与合？,
2018年1月21日,"
海峡论谈 完整版（2018年1月21日）
",继国际连锁酒店万豪集团、达美航空等多家跨国企业因为把台湾、香港和西藏列为“国家”而被中国有关部门下令整改之后，中国网民举报外资企业“分裂国家”的风潮越演越烈，包括香奈儿等国际知名精品以及20多家国际航空公司先后被点名，迫使这些公司纷纷发表道歉声明。北京为何掀起这股“反分裂风潮”？跨国企业为何接连拜倒？另一方面，韩国平昌冬季奥运即将登场，两韩在板门店会谈中敲定双方将在开幕式上共举统一旗进场，不仅如此，两韩也将共同组建女子冰球队参赛，朝鲜并将派出230人规模的啦啦队访问韩国，两韩的“冬奥模式”给两岸什么启示？各界又是如何看待两韩与两岸未来的分与合？,
2018年1月19日,"
美专家：国际间应公开点名中国对台湾胁迫
",最近一段时间来，北京对台湾的一系列施压和胁迫也引起关注，华盛顿一些学者专家认为，国际社会必须应该对中国的压迫公开点名，否则一旦台湾的民主经济受到危害，那将是美国与中国战略竞争的一大挫败... 中国国台办发言人马晓光在星期三的例行记者会上说，2017年台海形势更加复杂严峻，是因为台湾当局不接受九二共识，“放任纵容‘去中国化’‘渐进台独’活动，阻挠两岸交流合作... , 锺辰芳
2018年1月18日,"
两岸持续就M503航线议题争锋相对
","识别压力
两岸政策协会秘书长王智盛
??面对两岸目前的航线争议，两岸政策协会秘书长王智盛表示，M503航线距离海峡中线太近，将给台湾的国防航空空域识别带来很... 是台湾必须扩大防御的范围，这包括台湾的东西南北，防御的纵深，要办到这些事情，需要牵制防卫的武器，两岸关系或是国家安全的形势已经到了这种地步，呼吁我们的国防预算要赶快达到总支出的3%... ", 张永泰
2018年1月18日,"
台湾冷战机密部队黑蝙蝠队员回首侦查大陆
",冷战期间，国民党政府挑选出空军中最优秀之军官，接受美国中央情报局训练，直接受命于蒋宋美龄，在暗夜里驾驶侦察机，低空飞入中国大陆，为中情局从事电子情报搜集及空投传单工作... 这些侦察机完全没有装载任何武器设备，完全靠飞行员的技巧和黑夜的掩护躲避解放军的追击，每次任务都惊险万分，有三分之二的队员在执行任务时殉职... 不过黑蝙蝠执行的情搜工作是最高机密，虽然为国牺牲但却不为... , 张佩芝
2018年1月18日,"
台湾冷战机密部队黑蝙蝠队员回首侦查大陆
",2017年是台湾空军史上最机密的部队空军第34中队黑蝙蝠中队成军66周年。冷战期间，国民党政府挑选出空军中最优秀之军官，接受美国中央情报局训练，直接受命于蒋宋美龄，在暗夜里驾驶侦察机，低空飞入中国大陆，为中情局从事电子情报搜集及空投传单工作。这些侦察机完全没有装载任何武器设备，完全靠飞行员的技巧和黑夜的掩护躲避解放军的追击，每次任务都惊险万分，有三分之二的队员在执行任务时殉职。不过黑蝙蝠执行的情搜工作是最高机密，虽然为国牺牲但却不为人知，一直到冷战结束后，它的神秘面纱才逐渐被揭开。,
2018年1月18日,"
中国航母进入台湾防空识别区
",台湾国防部星期三(2018年1月17日)表示，中国辽宁号航母编队星期二早晨进入了台湾防空识别区... 这是辽宁号航母自去年7月以来的第一次区域性航行... 台国防部表示，辽宁号航母编队星期三中午离开继续向西北方向行驶... 台国防部强调，军方全程监视辽宁号动向，并未发现异常... 自台湾总统蔡英文就职以来两岸关系较为紧张... 日前中国开启了一条需要飞越台湾控制的岛屿的民航新线路，台湾抗议称新... , 美国之音
2018年1月17日,"
中国国台办：将台湾列为国家的外企已做出整改
",中国政府表示，针对外国企业网站将台湾列为国家的做法，有关部门已经采取行动，相关企业也已经做出了整改... 中国国务院台湾事务办公室发言人马晓光1月17日（星期三）在记者会上说，一个中国原则是国际社会处理涉台事务的基本遵循，在中国大陆投资经营的企业都应当遵循中国的法律... 上星期，北京下令万豪国际酒店将其中文网站关闭一个星期，理由是这个网站在一项顾客意见调查中将台湾和西藏... , 黎堡
2018年1月17日,"
台湾吁外企勿接受中国以政治干扰商业行为
",在多家国际企业遭到中国警告，不得在其网站上将台湾、香港及西藏列为“国家”选项后，台湾政府说，政治举措不应影响商业行为... 澳大利亚婴儿奶粉品牌贝拉米(Bellamy)公司及澳大利亚的澳洲... 说，台湾符合1933年《蒙特维多国家权利义务公约》(Montevideo Conference of 1933)关于国家的条件：领土、人民，以及一个有能力与其他国家建立关系的政府... , 锺辰芳
2018年1月16日,"
台法务部：公开展示五星旗属言论自由
","台湾法务部表示，公开展示中国五星旗属于宪法保障的言论自由，不过，民进党立委则主张修法加以限制... 台法务部：公开展示五星旗属言论自由
台湾有民众在国家发展委员会公共政策网络参与平台提案，建议增设刑法条文禁止中国五星旗在台湾公开悬挂、展示、陈列，并获得5千人附议成案... 两岸是否要走向更敌对还是更和缓，不能说中国大陆做不到的事情，我们这边就不做... ", 张永泰
2018年1月15日,"
海峡论谈:《台湾旅行法》通过对台湾是福是祸？
",美国国会众议院上周无异议通过具有... 确立台美关系正常化的其中一小步就是这个台湾旅行法，因为台湾和美国没有正式的邦交关系，通常只能寻觅不会激怒中国的比较隐晦的管道进行交流，台湾旅行法的重要性不仅是解除台湾高层访问美国... 就像之前的川蔡通话一样，台湾当然很高兴能获得美国的支持，但是要付出的代价往往就是两岸情势的进一步恶化，您认为 《台湾旅行法》的通过对台湾究竟是福是祸... , 樊冬宁
2018年1月13日,"
面对中国频繁秀肌肉 台湾增加军备投资
",陈中吉少将星期四在台北受访时说，蔡总统去年即宣示，未来台湾每年国防开支将以百分之2的幅度增长，台湾将以国防自主原则建立自我防卫能力，也会与美国保持良好稳定关系以取得台湾所需武器... 八艘潜艇只是一个小型部队，不过对于中国的武力侵略已足够发挥有力的威慑作用，也是台海两岸和平解决分歧的诱因，无论台北最后能否建立这个潜艇部队，但中国即便在和平时期都在通过经济、政治及... , 锺辰芳
2018年1月12日,"
外国公司被指不尊重中国主权 纷纷道歉表态
","因在网上调查中误将西藏、台湾列为国家的美国万豪国际集团的总裁星期五出面向中国道歉，竭力澄清万豪不支持中国的分裂分子，此前一系列错误系个别员工所为，万豪将“积极整改... 此后，包括达美航空等一家又一家外国公司在被发现有类似问题后也立即... 台湾反驳
针对万豪等屈服中国的作法，台湾负责两岸事务的陆委会星期五反驳表示，中华民国是主权国家，这无法改变此一客观事实... ", 美国之音
2018年1月12日,"
修订台湾定义的日语权威辞典《广辞苑》面世
",由日本岩波书店出版的《广辞苑》1月12日起在各大书店销售10年一次... 联合国代表中国和1972年尼克松（美国前总统）、基辛格（前国务卿）访华会谈建议中台商量解决两岸问题时，蒋介石（前中华民国总统）没有宣布中华民国是不同于中华人民共和国的独立国家、坚持... 他也认为，日本政府本来就难插手民间公司事务，而首相安倍晋三现在致力改善日中关系，相信政府也不愿触碰《广辞苑》问题... , 歌篮
2018年1月12日,"
美智库外交政策委员会：北京对蔡英文零信任
",自2016年民进党政府上台后，台海两岸关系因双方官方接触中断处于僵局，近来一些发展更引起台海紧张升级的担忧。不过一个美国智库报告说，台海情势仍在可管控范围内，但北京对蔡英文零信任，认为她追求渐进式台独。,
2018年1月12日,"
美智库外交政策委员会：北京对蔡英文零信任
",就是“松一口气”(relief)，因为他们担忧的事并未发生，习近平并未对统一订下时间表，仍然强调两岸和平发展的基调，至于川普与习近平的会面，台北也从美方的简报中得知并未发生令人担忧... 代表团成员柯罗夫则表示，19大之前台湾最担心的是中国对统一的时间表问题，不过从习近平的讲话中可以看出，他的注意力还是以国内问题为主，两岸关系与台湾虽然要紧，但并非目前急需解决的问题... , 锺辰芳
2018年1月12日,"
美中之间山雨欲来？前美副国务卿：重在管理竞争合作关系
",逆风阵阵，大雨将至... 在川普总统上任的第一年，美中关系在经历了最初的动荡后趋于稳定，川普还与中国领导人习近平建立了良好的私交，在一定程度上为美中关系的发展起到了中方所说的战略引领作用... 出台的国家安全战略，到旨在收紧中国在美投资的“外国投资风险审查更新法案”，再到国会众议院星期二通过的加强美台高层互访的《台湾旅行法》，种种迹象显示，2018年的美中关系面临不少逆风... , 莉雅
2018年1月11日,"
美官员：反对北京单方面启用台海新航线
",胡克也表示，台海和平稳定是美国长远的利益所在，美国与台湾有非常牢固的框架和基础文件，它们为彼此的非正式关系提供了一个框架，这个框架历经8届政府，让美台关系得以有强劲的发展... M503航线位于上海飞行情报区内，设立与启用此一航线是中国大陆民航空域管理工作，得到国际民航组织的批准，“本无须与台方沟通”，台湾方面应正确看待，不要借机做文章，干扰或破坏两岸关系, 锺辰芳
2018年1月10日,"
北京开辟台海新航线后两岸关系降至新低
",中国在台湾海峡上空使用新航线，台湾提出强烈抗议，双方的关系跌至新低... 台湾外交部的声明说，蔡英文总统星期天召集国家安全委员会开会... 此前中国宣布在靠近台湾的空域开辟4条新航线... 台湾外交部说，北京的作法违背了两岸空中运输协会2015年3月会谈达成的协议... 中国1940年代发生内战，国民党离开大陆，把政府迁到台湾，从此两岸一直分治... 但是中国坚持两岸终将统一，如有必要将使用武力... , 詹宁斯
2018年1月9日,"
台国防部：建造60艘匿踪微型导弹突击舰因应中国军事威胁
","面对中国的军事威胁，台湾国防部有意建造60艘匿踪微型导弹突击舰，不过有学者建议，军方应该就反登陆能力进行系统性分析，相关建案需要更多的讨论... 台国防部：建造60艘匿踪微型导弹突击舰因应中国军事威胁
台湾国防部表示，考量未来敌情威胁，将依照“滨海决胜、滩岸歼敌”的作战构想，在有效运用国防资源及发挥不对称战力的思维下，指导海军研究建造匿踪微型导弹突击舰... ", 张永泰
2018年1月9日,"
美专家：美应将台湾纳入印太战略
",为逼迫台湾民进党政府接受北京的“一个中国... 在此情况下，特里斯说，美国必须改变以往只从双边角度来看待美台关系的传统做法，而是要从一个“统一化”的印太战略角度上来看待美台关系，在这种考量下，美国必须确保台湾具有足够防卫能力才能减轻区域盟友的负担... 我认为今后我们的重要工作之一，就是不要只从双边关系来思考美台关系，而是要想到，这个双边关系也深植于美中关系的互动与变化... , 锺辰芳
2018年1月8日,"
蔡英文呼吁北京当局就新航路展开技术性协商
",发言人黄重谚说：“针对中国片面启用争议航道，总统也呼吁北京当局，应该采取弥补措施，依据2015年两岸所达成的共识，由双方尽速展开技术性协商，化解此一事件对区域稳定、两岸关系及飞安所造成的负面冲击... 王育敏委员还指出，蔡英文总统如果只能谴责或呼吁，无法启动进一步的两岸协商，结果只会让台湾的航空安全受到影响... , 张永泰
2018年1月8日,"
海峡论谈:辽宁号与M503双剑出鞘 挑战台海中线?
",两岸关系2018一开年就不平静，中方1月4日片面启用紧贴台海中线的M503航线，随后并出动辽宁号航母通过台湾海峡，台湾空军也派出F-16战机挂弹升空戒备... 中国外交部回应，希望美方在... 两岸关系的发展在某种程度上讲，实际上是跟中国内政的发展有关，所以这种状态未来会不会改变，是不是说台湾必须去习惯，我觉得一方面要看台湾方面的回应，另一方面也要看中国内部的政治权力分布... , 樊冬宁
2018年1月8日,"
海峡论谈:星火T计划曝光 培养统派青年还是共谍?
",这份巨细靡遗的“共谍价目表”曝光后引起两岸网友们的讨论，包括加入脸书粉丝好友，并且经常性按赞的话，就可以得到新台币3000元的奖金；如果能够在线建立长期热络的互动关系并定期交谈，便可以得到奖金新台币5000元；如果进一步与客户相识见面，并争取可以和目标对象合影... 吴汉表示：“20年前有一个老长官，他在两岸开始交流的时候告诉我们说，以前大家都说，匪谍就在你身边... , 樊冬宁
2018年1月7日,"
【王丹:习近平对台强硬 与中共内部权斗有关?】1/07 #海峡论谈 #精彩点评
",王丹: “M503航线不是孤立事件，是19大后中共对台政策一系列调整的表现。不仅是战机绕台或是战舰通过，包括现在的M503航线等等。这种调整和习近平和中共党内的权力分布有关。最近有一个照片，是习近平在部队检查工作然后站上坦克，穿着军装，非常给人们一种穷兵黩武的态势。习近平在19大之后，我并不认为他已经稳固了权力，我认为习近平表现出强硬的一面，尤其是他和军队的联系的一面，应该是模仿毛泽东的思路，手里掌握着枪杆子政权才能够稳定。所以可以看得出19大之后他在和军队的互动上表现的非常的积极。如果他要得到军队继续对他掌权的支持，就要满足军队的一些诉求和长期的政策取向。那么对台湾表现出比较强硬的姿态历来是中国军方的态度，为了表示和军方的合作，习近平未来的一段时间就是会逐渐的展现出对台的强硬立场，所以才会有这一系列的事件。两岸关系的发展在某种程度上讲，实际上是跟中国内政的发展有关，所以这种状态未来会不会改变，是不是说台湾必须去习惯，我觉得一方面要看台湾方面的回应，另一方面也要看中国内部的政治权力分布，这种相互争斗发展的结果。”,
2018年1月6日,"
美专家质疑“武统”台湾 中国官媒回呛“有这金刚钻么？”
",美国两岸问题专家质疑中国大陆是否有能力“接管”台湾... 《华盛顿邮报》北京分社前社长潘文（John... 据贝克利计算，如果两岸开战，中国大陆在战争首日登陆台湾的军队人数仅限于2万6千人左右，之后每天将有约1万5千人登岛... 有中国学者对环球网说，潘文的文章是在“挑动两岸军事对立情绪，不利于中国的统一大业，是在破坏中国统一”，并表示从军事的角度看，潘文这篇文章的观点“不值一驳... , 美国之音
2018年1月6日,"
台湾抗议警告均无效 中国M503照飞
",中国不顾台湾强烈抗议，继续使用未经与台湾政府沟通确认的民航飞行航线... 大陆星期四宣布启用位于台海中线一带名为M503等四条北上运行航线... 台湾方面立刻提出强烈抗议，称中国没有遵守两岸有关协议所达成的共识，是“刻意以民航包装对台政治、乃至军事的不当企图... 台湾总统蔡英文星期五在其推特账号上发文，批评中国启用... 美国国务院呼吁台海两岸以对话，讨论彼此对民航及安全议题上的分歧, 美国之音
2018年1月6日,"
美媒：北京胁迫台湾试水温 川普须表态
",中国政府星期四启用台海中线M503北上运行航线，引起台湾政府强烈不满与抗议，美国国务院呼吁台海两岸以对话，讨论彼此对民航及安全议题上的分歧，分析人士则认为，中国正在测试水温，观察川... 自民进党的蔡英文总统上任以来，台海两岸因官方交流中断而陷入僵局，台湾面对北京政治、外交、经济和军事压力，而这些压力，在中共19大后进一步增加，解放军军机、军舰绕台演训活动也更为频繁... , 锺辰芳
2018年1月5日,"
辽宁号再次穿越台湾海峡
",台湾国防部4日发布新闻稿表示，中国辽宁号航母由数艘作战舰伴随，自驻地出发，航经舟山岛，研判将执行跨区远海长航... 台湾军方没有进一步透露辽宁号动向的详情，只是称军方将持续掌握其动态... 此前有媒体报道说，辽宁号航母将穿越宫古海峡，自台湾东部海域南下，进行绕台航行... 不过，据台湾军方人士证实，辽宁号航母穿越台湾海峡中线以西的水道... 这是中国辽宁号航母群连续第三年南下“远海长航... , 美国之音
2018年1月5日,"
台湾抗议中国径自启用飞行航路有不当企图
",陆委会说，中国方面的说法完全背离事实，M503航路由北向南运行的开通，是经过两岸航空小两会(台湾海峡两岸观光旅游协会，台旅会；海峡两岸旅游交流协会，海旅会)多次沟通的结果，中国大陆片面撕毁2015年对台湾的承诺，不仅违反诚信、破坏互信，更应该承担影响两岸关系的全部责任... , 锺辰芳
2018年1月4日,"
2018开年台湾面对中国潮水般压力
",从中国最高领导人习近平、负责对台事务官员张志军到党媒环球时报，几天来台湾人民... 上星期，中国国家主席习近平在全国政协委员会新年茶会上发表讲话，在对台工作上强调，“要继续坚持一个中国原则，在‘九二共识’基础上推动两岸关系和平发展，反对一切分裂国家的活动... 中国国台办主任张志军星期天在《两岸关系》杂志发表的2018年新年贺词中，对2018年台海两岸关系的发展发出警告... , 锺辰芳
2018年1月3日,"
台湾海峡两岸僵局步入第三年
",中国和自治台湾这两个政敌间的僵持已... 蔡英文说：“尊严与尊重，两岸关系稳定，与国际社会接触，是台湾民众的共同愿望，也是我的使命... 中国在蔡英文就职后不久，于2016年中期停止正式对话，此前在蔡英文前任领导下，两岸关系经历了八年温暖期... 中研院政治学研究员吴重礼说：“改善两岸关系是当务之急... 荣沛芳说，北京的对台工作负责人刘结一也许会利用他在国际上的关系，限制台湾外交空间... , 詹宁斯
2017年12月31日,"
海峡论谈 完整版（2017年12月31日）
",12月31日(周日)【海峡论谈】话题：年终特辑--历史回顾篇 今天是2017年的最後一天。2017年对台湾的民主和两岸关系来说，有S多非常特e的日子，过去这一年我们的节目当中，也有不少精彩的。2017年是砂督涣30L年，也是台抽_放大探H以及宣布解严30L年，30年来的两岸关系可以说是风风雨雨，台湾的民主也出现了很大的变化。海峡论谈在台湾解严30周年之际，特别为您邀请到当时负责代表政府宣布解严的前新闻局长邵玉铭教授，回顾当年台湾解严的这段历史，并探讨台湾模式是否能在中国复制。,
2017年12月30日,"
专访中国民运人士王丹
",八九民运学生领袖之一、曾在... 我跟他们有很多的... 您怎么看这些年轻人成熟之后，两岸关系的发展... 这点我必须坦率说，其实两岸青年的对话现在不具备条件，因为台湾的天然独世代，已经是在解严以后出生成长的这一代，他们接受的完全是公民和宪政的教育... 所以我不认为这样的年轻天然独世代会去做更激进、更激烈的动作，挑起两岸之间过于大的冲突，因为他们基本是建立在理念上，而不是建立在仇恨上... , 许湘筠
2017年12月29日,"
蔡英文：两岸关系不会暴走也不会僵住
",台湾总统蔡英文星期五(12月29号)在与媒体茶叙的年终记者会当中指出，要维持区域的和平与繁荣，两岸关系是一个重要的关键... 蔡英文还说，维持现状是台湾不变的立场，也是向区域、世界做出有效的承诺... 她说：“在很多互动及应对当中，还有我们自己的政策及政务的处理过程中，这一切都和处理两岸的问题有关，我能告诉你的是，虽然历经了500多天，我们基本上也维持了两岸关系的稳定... , 张永泰
2017年12月29日,"
蔡英文：两岸关系不会暴走也不会僵住
",台湾总统蔡英文在年终记者会当中表示，两岸关系不会暴走，也不会僵住，她相信中国大陆的领导当局是理性的决策者。, 张永泰
2017年12月29日,"
2017年终近 台海两岸口水战升温
",邱垂正表示，对于中国持续采取非和平武力威胁的动作与言论施压台湾，他希望中国尊重台湾维持两岸现状的主流民意，“摆脱以强凌弱的霸道心态及威吓作为”，与台湾通过沟通对话解决分歧，否则两岸关系渐行渐远，中国大陆 “要负最大责任... , 锺辰芳
2017年12月28日,"
台法务部：透过国际司法互助打击跨境电信诈骗
",对此，法务部官员表示，将... 中国国台办发言人安峰山表示，两岸民众深受诈骗之害，但是犯罪嫌疑人在台湾却被轻纵，得不到应有的惩罚，台湾方面应该反思，为何跨境电信诈骗屡禁不止，反而愈演愈烈... 立委廖国栋表示，国际上普遍承认一个中国，所以一些国家就将台湾犯罪嫌疑人遣送到中国大陆，再加上两岸关系目前不佳，彼此之间并没有落实共同打击犯罪协议，这样的情况发展下去，非常令人忧心... , 张永泰
2017年12月28日,"
蔡英文：严密监控共军动态，适时采取必要措施
",针对中国大陆围绕台湾的频繁军事动作，台湾总统蔡英文要求台军方严密监控共军动态，适时采取必要措施... 中国大陆表示，中国军方的军事动作是“例行训练”，“大家慢慢就习惯了... 12月28日，台湾总统蔡英文利用视察一次台湾军方活动的机会，针对中国大陆军机和舰艇一段时间以来频繁进行绕岛航行演练发表讲话... 蔡英文说：“这段时间以来，中国大陆在东亚区域频繁的军事动态已经一定程度影响... , 美国之音
2017年12月28日,"
解放军密集绕台演训 中国：慢慢就习惯
",台湾国防部说，中国解放军一年多来以军机、军舰密集绕台演训，对台湾安全造成... 是中国对美国军事介入可能采取的惩罚性作为，还是我们应该更担心中国每天都在采取行动单方面改变台海两岸及区域现状... 局局长刘军川一篇文章，题目是“中华民族伟大复兴必然要求实现祖国完全统一”，文章强调，随着两岸综合实力对比更加悬殊，中国对台战略“将形成全面压倒性优势”，“实现祖国完全统一”的条件... , 锺辰芳
2017年12月27日,"
年终报道：台政府推转型正义 在野党批政治追杀
",回顾2017年台湾的重要新闻事件... 国民党指出，对于变更国土、国号等议题不纳入公投感到欣慰，也保障了国家安全及两岸关系的稳定... 台湾陆委会则回应指出，台湾近来推动的政策及国会审查的各项法案，目的是推动改革与深化民主，中国大陆片面曲解的激化言论无助于改善两岸关系... 她说：“我们也把他列为两岸关系的一个指标，这样的处分对两岸关系很不好，尤其是民众会对中国大陆产生负面的观感... , 张永泰
2017年12月27日,"
年终报道：2018年美台关系令人期待
",王维正说，川普上台后美台关系有极大的不确定性，川普打破传统接受蔡英文的祝贺电话，以及其商人个性，都给人许多想象空间，而共和党策士原本也希望对台政策能更为坚定，但中国警觉到这个情势后全力反扑，4月海湖庄园的川习会将美中关系稳定下来，美台关系也从一开始受到的震荡回到平衡点... , 锺辰芳
2017年12月27日,"
图集荟萃：近年美中关系和交流（12图集）
","美国之音中文网有不少关于美中关系和双边交流的图集，下面汇集2016年9月以来的，观众和读者比较多的作品的目录和封面图片，作为对美中关系和大洋两岸交流的年终回顾... 移民中国前在华盛顿的幸福生活(19图）
??
从美国历任驻北京使节看美中关系历程
这是文章版的图集，在一篇长文章里穿插了大量图片... ", 丁力
2017年12月26日,"
台湾公布2017国防报告书 首提美台军事合作
",报告书表示，目前亚太地区政经情势、强国权力兢合、两岸军力失衡与天然灾变、网络窃密与攻击、恐怖攻击活动等非传统安全议题对台湾国家安全造成重大威胁... 关于美台湾军事关系，报告表示，双方以《台湾关系法》作为双边关系之准据，美国持续供售台湾所需之防御性武器，并建立全方位军事交流管道... , 张佩芝
2017年12月25日,"
中国的军事动作令台湾警觉
",台湾正面临来自中国新的压力... 台海另一侧的共产党政府愈加频繁地派遣军机绕岛飞行，挑战台湾军队... 中国飞机11月和12月在台湾附近飞行，上星期引起台北总统办公室的关注... 台湾前国防部长杨念祖说，过去两年，中国军机在台湾附近上空飞行了十次，飞行区域就在台湾防空区之外... 国民党政府在内战之后逃到台湾，自那以来台海两岸一直处在分治状态，不过台北政府从来没有宣布法理上的独立... , 詹宁斯
2017年12月23日,"
台湾官员参加联合国会议 北京当场抗议遭驳斥
","台湾官员星期四在联合国一个网络论坛中通过视讯发言，分享台湾数字政府治理经验，但中国出席代表抗议联合国不应允许自称“小国”的台湾官员参加，但遭到主席及与会人士驳斥，认为论坛是在“讨论政策而非政治”，台湾有权参加会议贡献其成功经验... 台湾官员参加联合国会议 北京当场抗议遭驳斥
第12届联合国网络治理论坛(Internet Governance... ", 锺辰芳
2017年12月23日,"
台日冲之鸟谈判或引起中国强烈反弹
",台湾和日本正在就「冲之鸟」附近捕渔权争议的问题举行磋商，双方虽然取得了一定的进展，但在冲之鸟海域的渔权争议则仍然没有达成任何共识... 在另一方面，台日之间的这一谈判很可能会引起中国的强烈反对... 为期两天的第二届“台日海洋事务合作对话会议”本星期三(12月20号)在台北落幕，双方签署了海难搜索救助合作备忘录，并就海洋科学调查、渔业领域合作等议题进行了意见交换，但在关键... , 詹宁斯
2017年12月22日,"
美国国防部：提供台湾防卫武器毫不动摇
","对于台湾所面对的武力威胁，美国国防部星期四重申对台湾毫不动摇的安全承诺... 美国国防部亚太事务发言人、海军陆战队中校克里斯托弗・罗根中校在给美国之音的书面声明中说，作为印度洋-太平洋... 台湾防卫武器毫不动摇
声明说，美国与台湾防务交往的目的是要确保台湾保持安全、自信及不受胁迫，以便能以和平及富有成效的对话，通过台海两岸人民都能接受的方式解决彼此间的分歧... ", 锺辰芳
2017年12月21日,"
中国法院认定44名台湾人在电信诈骗案中有罪
",北京的一家法院对44名与设在肯尼亚的一个电信欺诈活动有关的台湾人做出刑事判决，这一判决很可能加剧中国与实行自治的台湾之间的紧张关系... 星期四法庭开庭过程中，被判不同刑期的85名嫌疑人中包括台湾公民... 其中两名台湾公民因参与这项欺诈活动被判15年监禁... 去年中国从许多国家，其中包括肯尼亚... 中国认为实行自治的台湾是一个反叛省份，并且成功阻止其他国家与台湾建立外交关系, 美国之音
2017年12月21日,"
台湾新党党工遭搜索约谈事件引发朝野争议
","在台湾主张统一的新党党工遭到检调单位搜索约谈的事件持续引发争议，国民党批评蔡政府在搞寒蝉效应，民进党立委则强调，涉及国家安全的案子，有证据就必须要处理... 台湾新党党工遭搜索约谈事件引发朝野争议
台湾在野党国民党立法院党团星期三(12月20号)召开记者会声援... 针对中国国台办表示，高度关注这个事件，并谴责台湾当局肆意打压迫害主张两岸和平统一的力量和人士... ", 张永泰
2017年12月21日,"
台湾侦办新党成员 北京愤怒谴责
",台湾对四名亲北京的新党青年军成员可能涉及周泓... 王炳忠等人上星期才随同新党主席郁慕明访问北京，并与全国政协主席俞正声会面，俞正声对新党坚持一个中国原则、主张两岸和平统一的立场表示赞赏... 新党成员被调查，国台办发言人安峰山星期二在一个声明中，对于台湾当局“对‘台独’分裂分子袒护和纵容”，但却“采取各种手段对主张两岸和平统一的力量和人士肆意打压和迫害”，表示“严正谴责... , 锺辰芳
2017年12月20日,"
时事大家谈：美国人担心下一场战争：会败给中国吗？
",亚太地区原来一直是美国主导，最近几年中国搭建的与中日韩的会谈机制、与东盟的会谈机制以及与巴基斯坦“铁哥们”的关系、对朝鲜的压制力度，都取代了美国的角色... 中国在亚太地区的政治、经济、外交、军事都与美国构成了一个相对平等或者说平衡的竞争关系... 他认为，两岸经济、军事乃至综合实力发展的差距都在变得越来越大，因此从短期甚至很长一段时间来看，台湾纯粹通过军事自保是不切实际的... , 许波
2017年12月20日,"
进军台湾 中国天网监控“电眼”无远弗届？
",随着杭州海康威视数字技术股份有限公司在世界范围内迅速发展，这家全球监控摄像头领域中... 海康威视在台湾与成创科技、友旭、皇N科技等总共5家代理商建立了合作关系... 他说：“坦白讲，就是因为淘宝网的关系，我们是代理商嘛，可是一些跟我们同行的，他有办法通过淘宝网买到海康的摄影机，价格又比我们低... 报道说，海康威视与中国政府的关系以及该公司产品的安全隐患等问题引发美国官员的担忧... , 孙承
2017年12月19日,"
台湾回应川普国安战略：台湾是美国重要伙伴
","对此，台湾外交部表示，这是正面发展，台湾也是美国在亚太区域的重要... 立委李彦秀 （美国之音 张永泰拍摄）
??在野党国民党立委李彦秀告诉美国之音，美中两国目前在经济、国防等方面的较劲愈加激烈，台湾应该在美中台三边关系当中找到最好的位置... 李彦秀委员还指出，两岸目前僵局无法化解，再加上朝鲜局势紧张，台湾政府的第一要务是维持台海的稳定，民进党政府不要误判情势... ", 张永泰
2017年12月19日,"
年终报道：两岸互动到互冻 2018能否破冰？
","12月13日，中国国台办发言人安峰山谈到目前两岸关系的僵局时说：“谁在维护两岸关系和平发展，谁在干扰和破坏两岸关系，大家应该看得十分清楚... 台湾陆委会副主委邱垂正在隔天记者会上表示... 许添财：两岸变成隐藏式来往
展望明年两岸关系，前民进党立委、商业发展研究院董事长许添财对美国之音表示，他认为看明年两岸关系不是乐观还是悲观的问题，而是要用务实的角度来看... ", 张佩芝
2017年12月19日,"
年终报道：两岸互动到互冻 2018能否破冰？
",2017年，两岸官方互动延续2016年，呈现冷冻停摆的态势。知名两岸问题专家、马习会重要推手、淡江大学大陆研究所荣誉教授赵春山在接受美国之音采访时如此形容2017年的两岸关系。他说：“寒冬还没过去，从2016年以后两岸关系相当低迷，低迷的空气还是在两岸上空徘徊，还没有过去。过去这一年双方还是维持和平稳定的关系，可是在和平稳定里面，还是暗潮汹涌。”, 张佩芝
2017年12月19日,"
美专家：注意川普国安战略提台湾关系法
","专家称，这表示川普政府已注意到台湾，与奥... 美专家：注意川普国安战略提台湾关系法
这份据白宫官员称已撰写一年的“国家安全战略”(National Security Strategy)报告，在关于美国对印太地区的军事安全战略中提到，美国“将遵循自己的‘一个中国’政策，维持与台湾的坚强关系，包括依据《台湾关系法》的承诺，提供台湾正当防卫需求以威慑胁迫... ", 锺辰芳
2017年12月16日,"
西班牙法庭裁定将121名台湾嫌疑人引渡到中国
",西班牙一家法庭星期六作出裁决，将121名台湾籍嫌犯引渡到中国受审，台湾政府对此表示强烈抗议... 由前中国公安部副部长孟宏伟担任主席的国际刑警组织去年向西班牙通报了涉及十多个组织的电话诈骗案，此后西班牙... 台湾负责处理两岸事务的陆委会星期六发表声明说，针对西班牙国家法院同意中国大陆要求，将基于“一中原则”把台湾籍诈骗犯引渡到中国大陆一事，行政院大陆委员会深表遗憾与不满... , 美国之音
2017年12月16日,"
文化台独、转型正义条例与“去中国化”
","大学台湾研究项目共同主任施芳珑 (美国之音钟辰芳拍摄)
??
至于北京当局认为，中华文化是“两岸民众共同的宝贵财富”，但台湾却有人“拿着家中的宝贝往外扔”，伦敦... 表演来呈现中国神话故事哪咤，但是哪咤的故事在中国和在台湾各自有不同的文化意象，前者强调不同角色之间的权力关系，但在台湾，民众注意到的却是哪咤与父亲之间的冲突，这是“一种主体性的展现... ", 锺辰芳
2017年12月15日,"
知名诗人余光中辞世 两岸共表哀悼
","被台湾各界誉为国宝级的诗人余光中... 知名诗人余光中辞世 两岸共表哀悼
台湾文化部长郑丽君说，余光中一生在诗歌、散文、评论、翻译等文学工作上的成就，对华文文坛有深远影响，是台湾现代文学史上必须铭记的一页... 针对安峰山的评论，台湾陆委会主委张小月对台湾媒体表示，余光中是各界敬重的文学家，大家在成长过程中都读过他的诗篇文章，余光中文章所传达的是两岸的文化交流... ", 张佩芝
2017年12月14日,"
台外长：感谢美国国会支持，也尊重美国政府决策
",美国总统川普日前签署2018年度国防授权法，其中第1259条款是有关强化美台之间的防务关系，国会提出了7项对行政部门不具强制力的意见，最受关注的包括邀请台湾参与红旗军演，以及考虑重... 对此，李大维指出，李克新身为外交官的发言相当不当，也令人匪夷所思，无助两岸关系的发展... 台湾外交部发表新闻稿表示感谢，也呼吁欧盟及会员国持续关注亚太区域安全及两岸关系的和平发展, 张永泰
2017年12月14日,"
台日议员：中国是亚太稳定的威胁
",现任台湾及日本国会议员和美国前议员最近在一... 他f：“因为目前的紧张局势，很容易会掉入让局势更紧张的陷阱，我们三方都和中国有很紧密的关系，那是一个很庞大复杂的社会，有很多正在发生的潮流趋势，我最近在中国，我问一名接待我的人，他... 中国近来进行军事演习的频率越来越高，而中国切断了两岸原有的沟通机制，造成当紧张局势升高时，误判和误解的可能性升高，最后导致冲突事件的发生, 张佩芝
2017年12月14日,"
美学者：李克新武统台湾说法夸张但令人担忧
",美国总统川普星期二签署2018财年《国防授权法》，其中包括北京极力反对的美台军事交流条文，尤其是涉及军舰互访的部分，特别引发中国驻美外交官做出武统台湾的表述，连日来在华盛顿引发许多热议。,
2017年12月14日,"
美学者：李克新武统台湾说法夸张但令人担忧
",美国总统川普星期二签署2018财年《国防授权法》，其中包括北京极力反对的美台军事交流条文，尤其是涉及军舰互访的部分，特别引发中国驻美外交官做出武统台湾的表述，连日来在华盛顿引发许多热议... 在川普总统签署国防授权法之前，中国驻美公使李克新上星期在华盛顿已经先发出警告，宣称一旦“美国军舰抵达高雄之日，就是解放军武力统一台湾之时... 李克新的说法引发美国国会议员反应... , 锺辰芳
2017年12月13日,"
美日台办非官方安全对话 前白宫幕僚长与会
","陈建仁：希望两岸能很快展开对话
在安全议题上，陈建仁对与会者说，为因应北韩威胁，台湾已经落实联合国安理会的决议和制裁措施，并调查可疑的洗钱和航运活动... 我们正在寻求台海两岸的积极对话，希望很快能展开对话，这有利于两岸、区域和全球的人民... 五人都认为，美日台三方关系相关友好，虽然时有不同意见，但三方都有同样价值观，这种关系和敌手关系十分不同... ", 张佩芝
2017年12月13日,"
台湾立法院通过门槛大幅下降的公投法
",台湾立法院通过了门槛大幅降低的公投法修正案，不过，中国方面则批评台湾一些势力正在修法甚至鼓噪台独修宪... 台湾立法院通过门槛大幅下降的公投法 台湾立法院本周二(12月12日)三读通过公民投票法部分条文修正案，包括提案... 台湾陆委会则回应指出，台湾近来推动的政策及国会审查的各项法案，目的是推动改革与深化民主，中国大陆片面曲解的激化言论无助于改善两岸关系, 张永泰
2017年12月13日,"
李克新武统言论后美议员吁川普速售台武器
",华盛顿观察家报》(Washington Examiner)说，美国与其民主伙伴台湾长久以来维持安全合作关系，“今年的国防授权法明确要求美国海军加强与台湾的伙伴关系”，他支持法案中这一部分条文... , 锺辰芳
2017年12月13日,"
世界媒体看中国：中韩纠结 难解难分
",韩国总统文在寅即将访问中国... 这种关系的特殊滑稽性主要是来自中共已故的党魁毛泽东在1950年被苏联共产党党魁斯大林和朝鲜金家王朝第一代统治者金日成设套，糊里糊涂地卷入了金日成发动的目的在于消灭韩国、统一朝鲜半岛... 中国卷入其中，付出几十万人的生命，引发了中美长达20年的对抗，甚至使（台湾海峡）两岸问题搁置至今，中国承担了朝鲜当年‘任性’与妄动的大部分成本... , 美国之音
2017年12月12日,"
蔡英文会莫健：美国一直支持台湾 台湾也会支持美国
",她认为，过去一年来美台关系合作及交流成果显示双方关系处于前所未有的友好状态... 台湾外交部表示，近年来台湾和美国关系坚实紧密，双方不仅在政治、安全、经济及文教领域持续交流，并通过“全球合作暨训练架构”，共同在公共卫生、妇女赋权、人道援助等议题上对其他国家进行协助，台湾外交部表示欢迎莫健来访，并相信此行有助于持续提升美台关系, 张佩芝
2017年12月12日,"
美国务院回应李克新武统台湾言论 吁两岸对话
",统一台湾”的讲话不仅立即引起台湾舆论哗然，台湾外交部、陆委会及总统府相继作出回应，批评李克新的说法无助于台海两岸良性互动，台湾政府“绝对不会因此妥协屈服”，在华盛顿也引起学界热议... 是否代表中国政府的立场，中国外交部发言人陆慷在星期一在北京的例行记者会上对于这个提问答复说，中国政府持续坚持“和平统一、一国两制”方针，推动两岸关系和平发展，推进祖国和平统一进程... , 锺辰芳
2017年12月11日,"
台湾斥责中国驻美公使武y说 官媒环时再呛声
","干预和打压，64.2%民众认为大陆应停止以军事演训对台威吓，陆委会严正呼吁中国大陆应尊重台湾民意对维持现状及两岸关系发展的主张，动辄诉诸武力挑衅只会增加国际社会和台湾人民的负面观感... 台湾学者：刻意放话 强调对一中原则的坚持
淡江大学国际关系学院院长王高成在接受美国之音采访时表示，李克新以公使身份发言，一定知道他的讲话有一定程度的意涵... ", 张佩芝
2017年12月11日,"
海峡论谈：轰六呛F-16 台海上空恐擦枪走火？
",中共解放军军机绕台演训... 李克新强调：“美国军舰抵达高雄之日，就是解放军武统台湾之时!”究竟两岸军机在台海上空是否有擦枪走火的可能性，美舰抵达高雄之日真的会是解放军武统台湾之时吗... 谈到两岸军机台海上空擦枪走火的可能性，令人联想到过去的美中撞机事件，如何防范类似飞行员王伟不幸的悲剧重演... 而且现在目前两岸关系很冷且低潮，这样的军机例行飞行但其实已经有某种程度测试的味道... , 樊冬宁
2017年12月10日,"
中国驻美公使：美舰抵达高雄之日即解放军武统台湾之时
",根据台湾联合报报道，中国驻美公使李克新12月8日在华盛顿一场解读中国国家主席习近平十九大报告时表示，美国国会《2018财政年度国防授权法》（National Defense... 台湾外交部f，“部分中国大陆官员侈言盼与台湾人民心灵契合，却屡次以胁迫及恐吓方式伤害台湾人民情感，这种做法，实不知民主制度之真谛及民主社会之运作，更无助于两岸关系正面发展, 张佩芝
2017年12月8日,"
中国军机飞近 台湾空军升空驱离反遭警告
","台湾民众截获一段中国解放军与台湾空军对话音频，中国飞行员在飞近台湾空域时对升空拦截驱离的台湾F-16战机飞行员发出警告，要对方保持安全距离，“否则一切后果由你自负... 台湾空军的F-16战斗机（资料照）
??
台湾《苹果日报》星期四报道，解放军轰炸机当天上午从台湾南方空域接近时，台湾空军立即出动F-16战机升空拦截，双方飞行员透过无线电相互... ", 锺辰芳
2017年12月7日,"
台湾陆委会抗议香港拒绝其文化官员入境
",台湾政府对香港拒绝其文化官员张铁志入境一事表示抗议... 自台湾总统蔡英文上任后台海两岸官方交流中断，“四城论坛”被认为是两岸官方接触的一个机会，对于未能入境香港，张铁志在返回台北后表示“感觉很可惜”，也认为这代表香港政府越来越紧缩... 陆委会说，希望港府能以正面及包容态度看待相关民间交流活动，以免损及台湾人民对香港的观感，进而影响双方国王累积的良好互动关系... , 锺辰芳
2017年12月7日,"
吉林日报刊发核武常识，中国人有多害怕朝核试验？
","官方的《吉林日报》12月6日刊发题为《核武器常识及其防护》的整版报道... 由于这种做法此前罕见，该报道... 中国卷入其中，付出了几十万人的生命，引发了中美长达20年的对抗，甚至使两岸问题搁置至今，中国承担了朝鲜当年‘任性’与妄动的大部分成本... （2016年3月31日）
??
这篇评论文章是针对朝鲜官媒的一篇《不要再做动摇朝中关系基础的鲁莽言行》而发的... ", 斯洋
2017年12月6日,"
台陆委会主委：持续和对岸沟通，争取李明哲早日回台
",台湾人权工作者李明哲在中国... 他说：“政府还是要发挥积极的角色，我们不应该接受这样的结果，另外还是必须不断透过两岸之间的协调，这是一个很特殊很特殊的案件，如果这样的案件可以确立，那一定对两岸关系造成重大伤害... 张小月还强调，虽然目前两岸官方沟通中断，私下还是有一些互动，此外，两岸交流已经30年，只要是正常、对等及尊严的交流，台湾政府都不会限制，也鼓励双方多交流沟通... , 张永泰
2017年12月6日,"
郁慕明：新党若执政将不再对美军购
",带领一批“青年军”在华盛顿访问的台湾新党主席郁慕明星期一表示，新党将在2020年... 郁慕明和新党青年军成员王炳忠、侯汉廷、庞文楚一行人在华盛顿访问期间，和美国政府官员及智库人士就美台及台海两岸关系交换意见... 他说，台海两岸的问题“不在于武器，不在于军事装备，问题是在于跟大陆之间能不能保持和平的关系”，只要与中国大陆维持和平，就不需要发展军事，也不需要向美国采购军备... , 锺辰芳
2017年12月5日,"
VOA连线(王炳忠)：台湾新党到访华府，如何看待李明哲案？
",台湾新党主席郁慕明带领党内相关人士近日到访美国首都华盛顿，他们计划和华盛顿研究台湾问题的智库，及关注两岸情势发展的侨胞一起就台美关系、两岸局势等问题进行讨论。在台湾社会普遍关注上周因“颠覆国家政权罪”被中国大陆判刑五年的台湾人权工作者李明哲的时候，一向表明要促进两岸和平统一、振兴中华的新党如何看待李明哲案？台湾新党发言人王炳忠先生为您介绍新党的观点。, 郑裕文
2017年12月4日,"
关于未来的台海两岸关系，你认为：
",两名中国学生在台北国父纪念馆观看宪兵交接仪式。（资料照片）,
2017年12月4日,"
海峡论谈：因应北京武力威胁 台湾挑战自造潜舰?
",其中最受到两岸瞩目的就是即将出任美国国防部亚太事务助理部长的薛瑞福(Randall Schriver)，国会消息人士告诉美国之音，薛瑞福的人事案没有争议，应该可以顺利通过... 薛瑞福曾在2005年获得前台湾总统陈水扁颁发的景星勋章，以表彰他对美台关系的贡献... 林认为，不论是北韩问题、台湾议题还是两岸关系，台湾要把从自己放到地缘政治的角色来看，真正提出自己的战略规划... , 樊冬宁
2017年12月4日,"
海峡论谈：朝核危机一触即发 台湾如何因应？
",朝鲜上周试射火星15号洲际弹道导弹之后，美军的F-22猛禽战斗机与B-1轰炸机... 在这样的状态和战略布局下能扮演什么样的角色，我觉得对美国来说，台湾是一个可以拿来增加和中国谈判的筹码，我想强调的是，台美双方的军事交流以及正在建立的更深刻的关系，是一个很正向的发展... 林表示：“美国很多人都在讨论，因为北韩危机，两岸问题突然好像看不见了，两岸问题不再是世界关注的焦点... , 樊冬宁
2017年12月2日,"
跨大西洋争吵，英国担忧与美特殊关系
",美国总统川普星期三转推了最初由一个名不见经传的英国边缘极右翼组织的反... 取消对一位美国总统的访问邀请在当代英美关系史上是前所未有的，有关官员表示，即使有口水战，他们绝对没有想过这样做... 因为大西洋两岸的英美两国官员都担心，川普对英国进行国事访问可能会引发大规模抗议活动... 可是，一次灾难性的访问会进一步搞坏关系，为1956年苏伊士危机以来两国特殊关系注入前所未见的毒素... , 美国之音
2017年12月1日,"
台立委质疑中资违规投资影响台湾国家安全
","台湾立法委员质疑中国资金违规赴台投资，将影响台湾的国家安全及信息安全，主管投资审查的官员表示，将修正相关法律，并加强管理... 台立委质疑中资违规投资影响台湾国家安全
加强修法
台湾执政党民进党立委林俊宪表示，近年来不少中资企业以外资名义违规来台投资，甚至参与涉及国家安全、信息安全的政府采购案... 台湾执政党民进党立委林俊宪（美国之音张永泰拍摄... ", 张永泰
2017年12月1日,"
陆委会：李明哲案凸显两岸交流风险与价值观重大差异
",针对台湾公民李明哲11月28日被中国湖南岳阳中级人民法院以“颠覆国家罪”判处五年有期徒刑，台湾政府在当天发表声明表示不能接受，认为此案对两岸关系势必造成负面影响，呼吁陆方尽早释放李明哲。陆委会星期四表示，此案凸显两岸在制度和法治及价值观念上的巨大差异，呼吁台湾民众从事两岸交流时必须特别保护自己的人身安全。,
2017年11月30日,"
陆委会：李明哲案凸显两岸交流风险与价值观重大差异
",台湾公民李明哲11月28日被中国湖南岳阳中级人民法院以“颠覆国家罪”判处五年有期徒刑，台湾政府在当天发表声明表示不能接受，认为此案对两岸关系势必造成负面影响，呼吁陆方尽早释放李明哲... 邱垂正说：“李明哲案凸显出在两岸交流中，可能存在的风险，政府呼吁国人，中国大陆的法律规范和司法制度与台湾或国际民主体制有非常大的不同，在从事两岸交流，要特别保护自己的人身安全... , 张佩芝
2017年11月30日,"
美促中国释放李明哲：持续进行人权对话
",美国国务院星期三呼吁中国政府，释放被以模糊的颠覆国家政权罪判刑的台湾人权工作者李明哲，让他回到家人身边... 国务院发言人诺尔特说，人权是全球人民都应拥有的核心价值与权利，美国总统川普、副总统彭斯与... 卜道维说，既然对台湾的警告已经发出，中国就应该尽快将李明哲遣返台湾，美国和国际社会也应该敦促中国将他释放，因为把李明哲关在监牢里五年，对促进台海两岸关系没有建设性作用... , 锺辰芳
2017年11月29日,"
台湾蔡英文政府裁撤具有90年历史的蒙藏委员会
",台湾正式裁撤了主管蒙古及西藏事务的委员会，执政党民进党立委认为，此举将有助于台湾与蒙古及藏人行政中心的交流，不过，在野党国民党立委则指出，此举时机不宜，也充满高度... 林为洲委员还指出，这项发展是否会影响两岸关系还有待观察，不过，至少国民党有守住蒙藏委员会的业务不能全部移转到外交部，而是主要分配到陆委会及文化部，也就是要在宪法及两岸人民关系条例的架构之下进行处理, 张永泰
2017年11月29日,"
李净瑜：请世人不要遗忘李明哲
",第一位被中国政府以“颠覆国家政权罪”判刑的李明哲的妻子李净瑜星期三返抵台湾... 她在机场对过去几个月来台湾各界以及国际社会的帮助表示诚挚的感谢... 她也沉痛地呼吁世人，不要忘记李明哲... 李净瑜在机场发表声明说：“坦然面对折磨，是人权工作者的信条，李明哲已经正式展开他作为人权工作者、政治良心犯的生涯... 我恳切的呼吁世人，持续给予他关注，不要让他被遗忘在世界的角落，持续受难... , 张佩芝
2017年11月28日,"
李明哲被判五年徒刑 台湾表示无法接受
",中国湖南岳阳市中级人民法院11月28日对台湾公民李明哲和中国公民彭宇华“颠覆... 总统府的声明指出，李明哲案严重伤害两岸关系，尤其挑战台湾人民对于民主自由的坚持与想象，令人遗憾... 发言人洪孟楷表示，“无论在审判期间或结果，有任何国人权益受损部分，呼吁陆委会必须争取，绝不可因为两岸关系被民进党执政下急冻后而无法互通，造成无法掌握，否则蔡英文政府就是用政治意识型态牺牲... , 张佩芝
2017年11月28日,"
中国以“颠覆“罪判台湾NGO人员李明哲五年监禁
",台湾民进党前党工、非政府组织(NGO)工作者李明哲及中国大陆人士彭宇华“颠覆国家政权”案，星期二上午由湖南岳阳中级法院一审宣判... 李明哲被判5年徒刑，剥夺政治权利2年，彭宇华被判处7年，剥夺政治权利2年... 彭宇华和李明哲当庭表示服从判决，不上诉... 李明哲的妻子李净瑜11月27日晚经长沙转抵岳阳，11月28日上午宣判时在场... 李净瑜今年9月表示坚信丈夫李明哲是被迫认罪，并... , 海彦
2017年11月28日,"
台湾不满中国拒友人入境听李明哲宣判
","台湾人权工作者李明哲涉颠覆国家政权罪一案星期二... 但“却像自讨没趣的搭讪者一般，被晾在一边”，只能打电话给陆委会求助，陆委会再联络中国海峡两岸关系协会(海协会),但“一样已读不回”，一小时后才传出王丽萍被“驱逐出境”，理由不明... 陆委会上星期在得知李明哲宣判时间后发出的声明中，曾呼吁中国大陆“作出符合人权普世价值与珍视两岸关系稳定发展之处置”，让李明哲早日平安返台... ", 锺辰芳
2017年11月27日,"
台湾人才往大陆跑 台湾政府如何因应？
",根据瑞士洛桑管理学院最近... 辛炳隆说，未来政府的两岸关系政策，究竟把两岸设定成一个什么样的关系，都会影响到如何处理人才流失问题的方法... 我觉得会担心，因为根据我自己的研究，早期台商到大陆去，对台湾的产业不会造成威胁，因为当时两岸的产业是属于垂直分工阶段，可是2000年以后，两岸产业关系从垂直分工到水平竞争，纵使是在大陆的台商，对留在台湾经营的企业，都可能是个威胁... , 张佩芝
2017年11月27日,"
海峡论谈：北京下“禁游令” 对台湾邦交国施压?
",需要照顾中国大陆很多的天主教徒，但很遗憾的是，由于中国对宗教自由严格的限制，教廷没有办法在这种情况下跟中国关系正常化，教廷跟中国之间艺术的交流，是希望中国能对宗教方面更宽松一点... 所以，希望习近平主席有新的思维、新的做法，而不要再让过去有些人“拿着红旗反红旗”，给习主席添乱，这也许对两岸关系会有改善的作用... , 樊冬宁
2017年11月25日,"
李明哲案周二宣判 妻子从台湾飞湖南听判
",中国湖南岳阳中级人民法院11月24日向李明哲的委任律师张忠伟发出通知书，表示“被告人彭宇华、李明哲颠覆国家政权一案，定于当地时间11月28日上午9点15分开庭审理，特通知你作为本... 陆委会强调，台湾社会高度重视李明哲的个人安全与自由，陆方对本案的处置攸关两岸关系发展和中国大陆的国际形象，陆委会呼吁针对宣判能做出符合普世价值和人权潮流的合理处置，回应李明哲家属和... , 张佩芝
2017年11月24日,"
国民党123年党庆 前主席：莫忘统一大业
",期间她和国台办副主任刘结一进行会谈，台湾媒体援引洪秀柱武汉参访团随团发言人吴育仁的话表示，刘结一表示对洪秀柱一路走来旗帜鲜明反台独感到无比钦佩，希望未来对两岸关系能有更具体的贡献... 蔡英文政府上台后在两岸关系上对九二共识避开不提，表示民进党政府善意不变、承诺不变，不会走对抗的老路，也不会在压力下屈服，并不断呼吁两岸领导人要展现新思维，寻求互动新模式, 张佩芝
2017年11月23日,"
台学者：台湾应该在印太战略中扮演更积极角色
",美国总统川普亚洲行之后，台湾学者建议，蔡英文政府应该改善两岸关系，并在印太战略当中扮演更积极的角色。,
2017年11月23日,"
台学者：台湾应在印太战略中扮演更积极角色
","美国总统川普亚洲行之后，台湾学者建议，蔡英文政府应该改善两岸关系，并在印太战略当中扮演更积极的角色... 李大中教授还指出，习近平和川普的会谈，针对台湾问题尽管是... 两岸关系
台湾前总统马英九外交智囊、台湾大学兼任教授杨永明表示，中国目前已经成为区域主导大国，特别是在经济整合以及其他相关多边和双边议题上，两岸关系如果持续恶化，将影响台湾未来的生存战略及发展... ", 张永泰
2017年11月22日,"
台国防部：多型共机从事跨岛链远海长航训练
","台湾国防部证实，中国出动了多型军机经过巴士海峡飞往西太平洋，从事跨岛链远海长航训练，对此台湾军方会持续掌握相关动态，并全程监侦... 台国防部：多型共机从事跨岛链远海长航训练
冷静面对
台湾国防部长冯世宽在立法院外交及国防委员会的质询会上... （美国之音张永泰拍摄 2017年11月22日）
??台湾国防部长冯世宽星期三(11月22号... ", 张永泰
2017年11月21日,"
民调：台湾人对习近平“微好感”
",根据一份最新民调显示，大部分台湾民众对习近平没什么感觉，但是对他有好感的比反感的人多出10个百分点... 过去几年来，习近平除了强调和平统一、一国两制是其既定方针外，也不断提到“两岸一家亲”的说法，希望拉拢台湾民心，达到心灵契合... 他在十九大报告中表示要：“秉持两岸一家亲的理念，尊重台湾现有的社会制度和台湾同胞生活方式，愿意率先同台湾同胞分享大陆发展的机遇... , 张佩芝
2017年11月21日,"
学者：协助台湾突破中国封锁是美国利益所在
",台湾总统蔡英文上任后... 他说，以中国和台湾在经济规模上的差距，台湾与新南向国家发展关系并不会对北京构成挑战，但是目前台海两岸关系不佳，如果北京真要对台湾施压将是轻而易举，蔡政府若想要新南向政策成功，两岸政策的改善才是关键... 王建伟说：“如果两岸关系好，我认为中国不会做任何事来阻碍台湾的新南向政策... 如果两岸关系转为更加对抗，中国可能会采取一些动作来阻止新南向政策的推动... , 锺辰芳
2017年11月20日,"
台环保署呼吁北京政府停止在世界气候会议上打压台湾
","台环保署呼吁北京政府停止在... 台湾淡江大学国际事务与战略研究所所长李大中
??淡江大学国际事务与战略研究所所长李大中接受美国之音采访表示，由目前两岸互动的情况来看，化解僵局的可能性仍然不高... 李大中教授还指出，蔡英文总统的双十演说，呼吁两岸应该找出互动新模式，等于是把球又丢回了对岸，而习近平的十九大讲话，对台有释出善意，不过一个中国的底线则没有任何松动", 张永泰
2017年11月20日,"
中共军机19大后首次进行绕台远海演训
","台湾国防部表示中共解放军机周末经过宫古海域，执行远海长训，台湾军队全程掌握共机动态，并实施警戒与监控... 台湾有学者认为这是解放军在十九大、川普访中结束后对台湾进行威慑措施的恢复，也有专家表示，随着共军军力大幅提高，在国际海域进行演练是可以预期的，台湾也应提高戒备及因应能力... 中共军机19大后首次进行绕台远海演训
台湾国防部表示，11月18日早上，一架... ", 张佩芝
2017年11月20日,"
海峡论谈：安倍吁两岸直接对话 为""习蔡会""敲边鼓？
",插一脚，安倍与台湾的领袖代表宋楚瑜，借上周在越南举行的亚太经合峰会APEC会面，提到了两岸关系，日本外务省的新闻稿称，安倍希望两岸领导人直接对话，中国国台办发言人马晓光也在十九大后首次举行的记者会上，针对习蔡会的可能性... 她在就职典礼时候也说会按照两岸人民关系处理条例来处理两岸关系... YouTube视频： 海峡论谈：安倍吁两岸直接对话 为"习蔡会"敲边鼓, 樊冬宁
2017年11月20日,"
海峡论谈：美日印澳""钻石战略"" 台湾或成隐形盟友？
",川普总统的亚洲之行落幕，美国的新印太政策浮现... 另一方面，在两岸军力失衡的情况下，美台之间的双边军事交流不断升级，今年稍早批准14亿美元对台军售案的川普总统，在北京与中国国家主席习近平会面时明确表示，美国不会终止对台军售，而川普... 比如很快台湾就要去夏威夷参加一个军事演习，而且一些私底下的军事合作也是在升级，可是应该不至于公开到盟友的关系，因为会直接挑战中共的底线... , 樊冬宁
2017年11月20日,"
海峡论谈：安倍吁两岸直接对话 为""习蔡会""敲边鼓？
",川蔡通话即将届满周年，这一年来，美中台之间的三角关系互动微妙，川普与习近平变成哥俩好？现在连日本首相安倍也来插一脚，安倍与台湾的领袖代表宋楚瑜，藉上周在越南举行的亚太经合峰会APEC会面，提到了两岸关系，日本外务省的新闻稿称，安倍希望两岸领导人直接对话，中国国台办发言人马晓光也在十九大后首次举行的记者会上，针对“习蔡会”的可能性做出回应，不过话锋一转，马晓光不忘以加泰罗尼亚公投为例，批评台独的做法注定失败～而值得注意的是，针对台湾独立公投，台湾民意基金会19日公布民调显示，有四成三赞成蔡英文总统在这个任期内举行独立公投，但有四成八反对，反对者比赞成者多了五个百分点。,
2017年11月19日,"
海峡论谈：安倍吁两岸直接对话 为""习蔡会""敲边鼓？
",川蔡通话即将届满周年，这一年来，美中台之间的三角关系互动微妙，川普与习近平变成哥俩好？现在连日本首相安倍也来插一脚，安倍与台湾的领袖代表宋楚瑜，藉上周在越南举行的亚太经合峰会APEC会面，提到了两岸关系，日本外务省的新闻稿称，安倍希望两岸领导人直接对话，中国国台办发言人马晓光也在十九大后首次举行的记者会上，针对“习蔡会”的可能性做出回应，不过话锋一转，马晓光不忘以加泰罗尼亚公投为例，批评台独的做法注定失败～而值得注意的是，针对台湾独立公投，台湾民意基金会19日公布民调显示，有四成三赞成蔡英文总统在这个任期内举行独立公投，但有四成八反对，反对者比赞成者多了五个百分点。,
2017年11月19日,"
海峡论谈 完整版（2017年11月19日）
",美国总统川普亚洲之行落幕，但他所提出的印太政策仍余音缭绕，日本首相安倍晋三曾提出美日印澳四边菱形的钻石战略，这枚“海洋之钻”是否会复活，而台湾在北京的武力威胁下，是否可能成为这个钻石安保构想的隐形盟友？另一方面，川蔡通话即将届满周年，美中台关系互动微妙，现在连日本也来插一脚，日本外务省新闻稿称安倍总理与台湾亲民党主席宋楚瑜会面时，表达“希望两岸领导人直接通话”，安倍首相为何要替“习蔡会”敲边鼓？《海峡论谈》今晚邀请华盛顿国际咨询公司资深顾问方恩格 (Ross Feingold) 和台湾军事杂志《航空最前线》采访编辑许剑虹为您深入分析。,
2017年11月17日,"
大陆学者临阵缺席陆委会研讨会
",然而，在陆委会星期五举办的一场题为“两岸经贸交流回顾与前瞻国际研讨会”前一天公布的新闻稿和当天发送的大会手册里，都可看到两名大陆学者预定参加此次研讨会，引起媒体关注... 两岸经贸关系持续密切，是台湾经济发展重要的一环... 张小月说：“政府珍惜两岸交流的既有成果，尊重1992年两岸香港会谈的历史事实，努力维护两岸已签署，并已生效实施的各项协议... , 张佩芝
2017年11月17日,"
学者：中国控制宗教效应逐渐扩及港台
",今年是台湾解除戒严30周年，回顾台湾民主转型过程中教会曾经发挥的催化作用，再对比今日北京当局对西方宗教的严格控制，分析人士认为中国民主化的前行道路十分艰难... 学者：中国控制宗教效应逐渐... 1977年，台湾基督长老教会曾经发表人权宣言，呼吁美国总统卡特在与中共关系正常化时坚持“保全台湾人民的安全、独立与自由”，并敦促当时的国民党政府采取有效措施，使台湾“成为一个新而... , 锺辰芳
2017年11月16日,"
欧洲商会向台湾提出改善投资环境建议
","欧洲商会向台湾政府递交2018建议书
欧洲在台商务协会... 欧洲商会副理事长胡日新在记者会上回答美国之音记者提问时表示，欧洲商会不在政治问题上进行评论，不过他表示，过去一年来的两岸关系对欧洲商会成员的影响十分有限... 何飞逸说：“给你一个例子，在我们的建议书里，没人提出类似问题，所以两岸关系在我们建议书里不是个问题，所以到目前为止，对我们的成员没有什么影响... ", 张佩芝
2017年11月15日,"
台环保署长无法出席气候大会，中国外交部强调一中原则
","中国外交部发言人耿爽表示，台湾参与国际活动必须符合一个中国的原则，台湾当局不承认九二共识的历史事实，以及不承认两岸同属一个中国，为两岸互动制造障碍... 意料中事
在野党国民党立委曾铭宗告诉美国之音，两岸关系目前处于一种冷冻状态，台湾官员无法出席国际组织也是意料当中的事... ", 张永泰
2017年11月15日,"
USCC报告建议美国邀请台湾参加军演
",的部分指出，自2016年蔡英文总统上任以来，中国不断加强对台湾施压，尽管蔡总统采取“维持现状”的两岸政策对中国展现善意，但北京却因为她不愿接受一中原则的九二共识而中断两岸官方与半官方接触... , 锺辰芳
2017年11月15日,"
陆委会：和平统一一国两制方针是两岸关系主要矛盾
",台湾陆委会主委张小月星期三表示，习近平重申“和平统一、一国两制”的既定方针在台湾没市场，恐怕也是两岸关系发展中的主要矛盾，需要双方面对、沟通与处理。她再次呼吁北京当局把握契机，展现新思路、新举措，促成两岸对话与沟通。与此同时，国台办发言人马晓光表示，台湾方面如果真有打破僵局的诚意，就应承认九二共识的历史事实，认同两岸同属一中。,
2017年11月15日,"
陆委会：和平统一一国两制方针是两岸关系主要矛盾
","陆委会：和平统一一国两制方针是两岸关系主要矛盾
台湾陆委会主委张小月星期三在一个关于十九大后权力布局的研讨会上用英语向在场国际学者发表演讲时表示，中共十九大传达对其发展... 对此，中国国台办发言人马晓光星期三在例行记者会上表示，是民进党当局在用一条绳子捆住两岸关系和平发展的手脚，那就是破坏了两岸关系和平发展的政治基础，即体现一个中国原则的“九二共识... ", 张佩芝
2017年11月14日,"
台湾称不希望在台海制造麻烦
",代表台湾出席亚太经合会的亲民党主席宋楚瑜星期一表示，台湾无意在海峡两岸挑起事端... 宋楚瑜在讲这番话之前曾在越南岘港对记者表示，他与美国总统川普和国务卿... 他表示，“我们不想在台海两岸制造麻烦，让美、中、日和所有观察者们认为我们是麻烦制造者... 台海两岸的关系自去年蔡英文上任总统以来迅速陷入冰点... 习近平早些时候在北京会晤美国总统川普时曾说，台湾是中美关系中最重要和敏感的问题... , 美国之音
2017年11月13日,"
宋楚瑜：与各国领袖自然互动，北京并未打压
",他说：“在这个过程当中... 不过，台湾时代力量党立委徐永明质疑，民进党原本期待宋楚瑜能和习近平有所互动，营造两岸破冰的气氛，但宋楚瑜不仅没有和习近平自然互动，与川普也没有交集，蔡英文总统下次应该考虑其他的代表... 宋楚瑜还澄清，与日本首相安倍会晤的半小时当中，双方就经济及两岸关系交换了意见，不过安倍并没有发表两岸领导人应该见面的谈话，只表示亚洲和平是大家希望见到的事情, 张永泰
2017年11月13日,"
海峡论谈：川习称兄道弟 美中共管台湾问题？
",就在川普亚洲之行进入尾声之际，美国海军三大航母... 而中方主动提出关于台湾问题的一贯立场，也说明中方关注两岸问题和美台关系，这对台湾来说也是好处多与坏处... 黄介正教授承认台湾目前的处境有些艰难，但他指出，“川蔡”通话一年一来，美台关系非常稳定，政策维持在一定的基调... 黄介正不认为两国关系会有一直很好的情况，在美国政府高层中有很多对台湾友好的官员和议员，通过很多友台法案... , 樊冬宁
2017年11月10日,"
习近平对川普称台湾是美中关系最重要议题
",星期四，两位领导人在会谈后共同会见... 陆委会副主委邱垂正在记者会上表示，两岸关系的改善是区域与台海双方共同的期待与责任所在，中国大陆“应深刻理解台湾民众对两岸关系的发展意见”，双方共同寻求良性互动新模式，通过沟通对话化解分歧... 邱垂正也表示，多年来美国在《台湾关系法》与六项保证下信守对台承诺，希望美方持续依此承诺支持两岸关系正面发展，深化及扩大彼此各方面交流合作, 锺辰芳
2017年11月8日,"
台湾高度关注川习会是否影响对美军购问题
","台湾政界高度关注美国总统川普将与中国国家主席习近平举行的会谈，并希望美国对台军售不会受到影响... 台湾高度关注川习会是否影响对美军购问题
特殊规格
台湾外长李大维
??台湾外长李大维星期三(11月8号)在立法院外交及国防委员会接受质询时表示，美国总统川普此次访问中国，中方安排了非常特殊的接待规格... 他说：“在紫禁城接待他喝茶... ", 张永泰
2017年11月8日,"
前台湾总统马英九访问美国西部，在大学演讲
",不过马英九也提到，他8年来致力维持的台海和平与繁荣现状，在他的任期结束后开始瓦解(crumble)，如今台海两岸关系正处于“寒冬”状态... 对于北京当局坚持民进党政府必须接受一中原则、九二共识作为两岸互动的政治基础，台湾陆委会最新的民调显示，有6成(66%)以上台湾民众“不认同中国大陆坚持以他们认定的政治主张作为推动两岸关系发展的基础... , 锺辰芳
2017年11月7日,"
台湾公民团体发起黄丝带运动希望李明哲早日回台
","台湾公民团体举行记者会，呼吁中国政府尽速无罪释放台湾人权工作者李明哲，并... 不利两岸
台湾教授协会会长林秀幸接受美国之音采访表示，从李明哲事件可以看得出来，中国政权已经对台湾展现了赤裸裸的暴力，这只会更加不利两岸关系的发展... 两岸关系的责任是在中国，因为这个逻辑是中国设定的，议程也是中国设定的，未来只有越来越对立，这不是台湾政府的责任和作为，是中国政府... ", 张永泰
2017年11月7日,"
川普访华前瞻 北京力保安全
",美国总统川普正在进行其上任以来的首次亚洲行，订于周三到达北京对中国进行国事访问。香港媒体报道，中国政府可能以超乎过往到访外国元首的活动安排规格来接待美国总统。川普总统访华前夕，北京启动了异乎寻常的严密安保措施。,
2017年11月7日,"
台湾男子持中国护照旅游中俄被台湾注销户籍
",的服务处接到这位颜先生陈情后向移民署查询，移民署告知是依据《台湾地区与大陆地区人民关系条例》处理，条例第9-1规定，台湾地区人民不得在大陆地区设有户籍或领用大陆地区护照，违者由户政... 报道，关于中俄边境旅游的一次性旅游护照，是依据中国政府1998年6月发布的规定而办理，目的是为避免台湾居民经中国边境持台胞证出境，却持中华民国护照入境俄罗斯，两岸成为“国与国关系... , 锺辰芳
2017年11月6日,"
宋楚瑜：透过APEC向习近平传达两岸和平发展的信息
","蔡英文近来也多次表达希望两岸能展开新的互动模式，不过中国方面则指出，台湾当局不论提出什么模式、主张，关键是要说清楚两岸关系的性质，确认台湾与大陆同属一个中国的核心认知... 立委黄昭顺
??台湾立法院内政委员会委员、在野党国民党立委黄昭顺接受美国之音采访表示，台湾民众都希望两岸的僵局能够化解，不过，宋楚瑜到底能和习近平谈到什么程度则令人质疑... 我觉得这也是很... ", 张永泰
2017年11月6日,"
海峡论谈：北大台生入共产党 平常心vs.玻璃心?
",中共十九大结束之后，台湾代表卢丽安所引发的效应持续延烧，在北京大学国际关系学院念博士班的两位台湾学生--王裕庆、张立齐，公开表示他们要加入中国共产党，台湾的陆委会说，这可能违反了《两岸人民关系条例》，最高可处台币50万元的罚款，引发各界热烈讨论... 与此同时，国安局与陆委会也证实，出身... 现在这样所谓的祖国梦对两岸的关系发展是什么影响，我一直在观察两岸关系未来的趋势... , 樊冬宁
2017年11月5日,"
海峡论谈：川普亚洲行 台湾战战兢兢？
",印度在过去的外交政策是要保持中立，不跟任何一个集团合作，但小布什后期，跟印度有了核能项目合作之后，印度是否愿意因为中国越来越强势的关系而跟美国合作，也要打一个问号... 但黄裕钧认为不需要这么悲观，因为美中关系一直都是对冲政策，战略位置虽然有所改变，但经济上并不会有太大变化... 黄裕钧说，以现在两岸的形势看起来，宋楚瑜能与美方或者中方有高层次互动的可能性不高... , 樊冬宁
2017年11月5日,"
海峡论谈：北大台生入共产党 平常心vs.玻璃心?
",中共十九大结束之后，台湾代表卢丽安所引发的效应持续延烧，在北京大学国际关系学院念博士班的两位台湾学生--王裕庆、张立齐，公开表示他们要加入中国共产党，台湾的陆委会说，这可能违反了《两岸人民关系条例》，最高可处台币50万元的罚款，引发各界热烈讨论。与此同时，国安局与陆委会也证实，出身台湾的中国共产党党代表卢丽安与其先生的户籍都已被取消，不再享有健保与其他台湾政府提供的待遇，卢丽安的母亲得知消息后相当错愕，批评民进党政府炒作，但是在网路上，乡民们却是一片叫好，究竟台湾民众看待卢丽安和这两位北大的台湾学生选择加入中国共产党，应该用平常心还是玻璃心？,
2017年11月5日,"
海峡论谈 完整版（2017年11月5日）
",美国总统川普展开亚洲之行，依序出访日本、韩国、中国、越南、菲律宾，并将出席亚太经合峰会APEC，究竟川普总统最新提出的“印太战略”意涵为何? 是否打算拉拢印度围堵中国?即将登场的“川习会”又对台湾有何影响? 而在另一方面，中共十九大结束之后，台湾代表卢丽安所引发的效应持续延烧，在北大念书的两位台湾博士生，公开表示他们要加入中国共产党，台湾的陆委会说，这可能违反了《两岸人民关系条例》，最高可处台币50万元的罚款，引发各界热烈讨论。台湾民众看待此事，究竟是应该用平常心还是玻璃心呢? 海峡论谈今晚邀请台湾前外交部研设会主委颜建发以及美国约翰霍普金斯大学国际关系学者黄裕钧深入分析。,
2017年11月4日,"
台湾总统蔡英文过境关岛
",台湾总统蔡英文星期五抵达美国在太平洋的领土关岛，之前蔡英文访问了台湾的三个太平洋邦交国，返台途中在关岛过境... 关岛总督卡尔沃说，蔡英文前来关岛是“私人和非官方访问... 不过，在蔡英文抵达之际，关岛派出警车护卫... 美在台协会主席莫健到机场接机... 卡尔沃总督和关岛议员参加了为蔡英文举办的接风酒会... 卡尔沃说，关岛和台湾“共同拥有和平与繁荣的愿景... 他称关岛和台湾为“island... ,
2017年11月3日,"
易思安：北京对台湾心理战是最大威胁
","易思安：北京对台湾心理战是最大威胁
一本关于中国解放军台作战计划的新书，因谈及中国武力攻台时间表而引起许多讨论... 星期三，《中国的侵略威胁》一书的作者易思安在一场新书发表会... 拒绝接受体现“一个中国”原则的“九二共识”，因而中断双方官方交流、对台湾施加外交、军事压力，使得台湾与中国的关系紧张加剧，只要这个基本分歧不消除，台海发生冲突的可能性就会持续存在... ", 锺辰芳
2017年11月2日,"
薛瑞福：中国武力攻台新书对美决策者重要
",被川普总统提名为... 白宫在发布这个人事案的新闻稿中提到，薛瑞福是阿米蒂奇国际顾问公司创办人之一，目前是智库2049项目研究所执行长，他曾因在国务院任内促进美台关系而获得台湾总统颁赠“卿云勋章... 台湾政府对薛瑞福被提名一事表示欢迎，外交部发言人李宪章说，薛瑞福长期关注台湾议题，如果这个人事案获得美国国会通过，期盼他在美台双边友好合作基础上“继续推动台美关系正向发展, 锺辰芳
2017年11月2日,"
美议员吁川普访中重申《台湾关系法》
",在区域最紧密的盟友之一，值得美国的坚定支持，“北京必须理解美国与台湾的牢固关系不容谈判，也不附属于(subordinate to)其他不相干议题”，希望川普向中国表明，美国将维持与台湾的关系与畅通的沟通管道，也鼓励北京维持自己与台湾的沟通管道畅通... , 锺辰芳
2017年11月1日,"
台湾公民团体持续关注中国维权律师处境
",中国709大抓捕案经过2年多之后，仍然有... 他说：“台湾人取得中国律师执照，过去是不能代理诉讼的，现在可以进行民事诉讼的部分，刑事诉讼还不行，等等状况等于说我们两岸每天那么多人在交往，各种人在涉及法律诉讼... 马晓光还说，这项开放措施将为台湾法律界人士，尤其中青年法律从业者赴大陆就业创造更好机会，也为深化两岸各领域交流合作，保护两岸同胞合法权益提供更有力的法治保障... , 张永泰
2017年11月1日,"
男人天下? 习近平时代的女性参政(1)
",中共十九大闭幕，以习近平为核心的中共政治局常委一如既往，清一色为... 苏子告诉美国之音，“作为一个女生，可能就会觉得政治跟我没什么关系... 她说，“我认为，在政治上和社会上的性别平等是指，在性别范畴内，谁占主导地位以及权力关系如何的问题成为制定和讨论政策的重要部分，而且得到正视和处理，这才是所谓的性别平等... 所以在两岸都有中华文化，女性能否到政治高层并非因为文化而决定的... , 扬之初
2017年10月31日,"
陆委会：中共对台采取“软硬拉打两手策略”
",台湾陆委会官员星期二在一个座谈会上就中共十九大后两岸关系进行评估时表示，习近平对台湾采用一种软硬拉打的两手策略，推出操之在陆的片面措施，对台湾青年人及基层民众进行拉拢分化。,
2017年10月31日,"
陆委会：中共对台采取“软硬拉打两手策略”
","台湾陆委会官员星期二在一个座谈会上就中共十九大后两岸关系进行评估时表示，习近平对台湾采用一种软硬拉打的两手策略，推出操之在陆的片面措施，对台湾青年人及基层民众进行拉拢分化... 陆委会主委张小月（2017年10月31日 美国之音记者 张佩芝摄）
??台湾陆委会主委张小月和副主委邱垂正星期二在立法院的一个座谈会上就中共十九大后的两岸关系展望进行评估... ", 张佩芝
2017年10月31日,"
学者对19大后台海情势看法不一
",他说，无论九二共识的意涵是什么，北京认为这是它与国民党达成的政治... 一场关于19大的研讨会中，乔治华盛顿大学外交事务教授沙特(Robert Sutter)说，他同意李显龙的说法，认为两岸最好的状态就是目前的僵持情况，他不认为两岸关系会有大的变化... 信强在这场由“大华府两岸时事论坛社”针对 19大后两岸关系举行的座谈中表示，今后中国大陆对台湾会“软的更软，硬的更硬... , 锺辰芳
2017年10月30日,"
民调：蔡英文两岸政策支持度高于其政治对手
","反独框架
范世平教授还指出，面对民进党可能长期执政，习近平未来5年如果希望两岸关系有重大突破，应该和蔡英文进行会晤... 中国国台办则重申，承认九二共识历史事实，认同两岸同属一个中国，两岸双方就能展开对话... 弥补措施
长期研究两岸关系的健行科技大学企管系教授颜建发认为，在目前的情况下，大家都知道两岸关系开展困难，蔡英文总统必须做一些加强的弥补措施... ", 张永泰
2017年10月30日,"
海峡论谈：蔡英文过境夏威夷规格提高 美中台展开新一轮博弈?
",世界卫生大会WHA以及国际气象会议等各种会议，有关台湾人民的安全和医疗的议题，中共在这方面的打压必须有一定程度的思考，否则两岸关系在未来如果有不乐观的状况，跟类似的打压有绝对的关系... 并非总统一人说了算，还有国会与幕僚制衡，川普倾向习近平的立场是否成为政策不一定，但是台湾把两岸和平寄托在美国身上，在川普统治期间非常不靠谱，台湾不应过度依赖美国，而应采取南向政策... , 樊冬宁
2017年10月30日,"
海峡论谈：揭秘十九大“涉台铁三角” 韩正、汪洋谁负责对台事务?
",联合国代表刘结一转任国台办第一副主任，接替张志军出任国台办主任的可能性很大，加上中国现代国际关系研究院副院长杨明杰转任社科院台研所所长，前中国外交部副部长、国务委员戴秉国也在今年稍... 至于学界出身的王沪宁，从中央政策研究室主任入常，曾与台湾老一辈学术界有过接触，似乎也有可能负责对台事务，至于赵乐际、栗战书两人，与台湾往来不多，估计不会在两岸关系上扮演吃重角色... , 樊冬宁
2017年10月29日,"
海峡论谈 完整版（2017年10月29日）
",10月29日(周日)【海峡论谈】话题：1)揭秘十九大对台人事布局 2)十九大亮底牌 美中台过招？ 中共权斗如火如荼，海外爆料紧锣密鼓，朝核危机战云密布，台湾绝不能只剩下简单的统、独论述。 VOA卫视《海峡论谈》“聚焦十九大与两岸关系”系列今晚最后一集，请专家深入分析十九大之后的两岸关系。北京对台人事布局有何玄机?台湾总统蔡英文过境夏威夷，北京提出严正交涉，美中台是否在川普访问中国前夕开启新一轮博弈? 此外，加泰罗尼亚宣布独立，给台湾什么启示? 敬请锁定北京/台北时间今晚9点到10点的《海峡论谈》，美国之音官网、脸书YouTube同步直播，欢迎踊跃参与现场讨论!,
2017年10月28日,"
在柬涉电信诈骗台湾人被押往中国 陆委会抗议
",中国星期六从柬埔寨押解61名涉嫌电信诈骗嫌疑人回国，其中包括了19名台湾人... 台湾负责两岸事务的陆委会称已经针对此事向大陆方面提出严正抗议... 陆委会在其官方网站上发表声明说，中国的作法完全无助于两岸合作打击跨境电信诈骗犯罪，更不利两岸关S良性发展... 由于这些案件所牵涉的国家都与北京建交，与台湾只有非正式的关系，在中国政府的高压之下，同意将台湾嫌疑人交给中国处理... , 美国之音
2017年10月28日,"
蔡英文抵达美国夏威夷过境
",台湾总统蔡英文星期六抵达美国夏威夷过境... 她此行是要访问马绍尔群岛、图瓦卢及所罗门群岛3个太平洋与台湾有外交关系的国家，期间不但过境夏威夷，之后在回程中还会过境关岛，总共过境美国两次... 蔡英文对前来接机的美国在台协会主席莫健（James F. Moriarty）和台湾驻美代表高硕泰表示， 她对此行非常兴奋... 中国政府就蔡英文在美国过境一事向华盛顿提出严正交涉，称蔡英文... , 美国之音
2017年10月26日,"
蔡英文：两岸执政党应展开良性对话
",台湾总统蔡英文10月26日出席陆委会举办的“两岸交流30年回顾与前瞻研讨会”，这是在中共十九大后蔡英文首次公开就两岸关系发表讲话，发言内容备受关注。,
2017年10月26日,"
19名台湾人在中国任党政军官职
",台湾国家安全局星期四说，台湾有... 国安局副局长周美伍星期四在回答立法委员质询时表示，台湾大概掌握到有19人在中国党政军部门任职，有关名单已经交给了台湾负责两岸事务的行政院大陆陆委会... 陆委会副主委林正义说，卢丽安和她的丈夫的户籍已经被取消，陆委会还将进一步调查，只要在中国有户籍、长期没有在台湾居住者，一旦有合理的证据，都会依照两岸人民关S条例规定，取消他们的户籍... , 美国之音
2017年10月26日,"
台湾国安局：目前两岸领导人会晤可能性不大
",他说：“以习近平刚刚完成十九大，现在他面对国内的局势状况，就权利核心的稳固以及面临国际上的状况，两岸关系不是他的第一优先... 台湾立法院外交及国防委员会星期四邀请... 亚太和平研究基金会董事长许信良日前接受联合报专访表示，中共总结习近平这5年主政下的两岸关系，特别提到马习会；而由领导人直接处理两岸之间的僵局、解决两岸的问题，这就是蔡英文总统近来一再主张的两岸互动新模式... , 张永泰
2017年10月26日,"
蔡英文：两岸执政党应展开良性对话
","坚定地和示威老兵站在一起为他们请命，而在探亲禁令解除前，民进党中常会就通过决议，主张两岸人民返乡探亲不应受到限制，应该允许两岸人民往来交流，进而催化开放大陆探亲的决策，这是民进党对两岸关系正常化所做的第一份努力... 盼两岸关系能有进一步改善
蔡英文再次提到她处理两岸关系的原则，也就是善意不变，承诺不变，不会走回对抗老路，也不会在压力下屈服... ", 张佩芝
2017年10月25日,"
美前助卿：不会牺牲台湾以换取美中关系改善
",今年三月卸任的前美国... 拉塞尔说：“美台关系不断成长进化，白宫和台湾总统府多年来不断易主，但不变的是美国人民和台湾人民之间的稳固友谊，还有美国基于《台湾关系法》和三个联合公报的美国政策，以及美国对台湾人民的繁荣与自主持久不变的关注... 他说，美国希望两岸关系维持稳定，也认为一个自信安全的台湾是两岸平衡的重要因素，与此同时，美国也希望和北京建立建设性、平衡的互惠关系... , 张佩芝
2017年10月24日,"
习近平19大讲话对台湾伸橄榄枝？
",赵穗生表示，从他研究台海两岸关系的经验来看，虽然台湾并非中国领导人迫切要解决的问题，但中国内部“促统”的声浪越来越高涨，对台湾议题迟迟不解决的耐心日益减低，如果两岸领导人不谨慎处理，台海冲突对抗的发生还是有可能的... , 锺辰芳
2017年10月23日,"
台湾加强与亚洲国家联系，减少对中国依赖
","台湾正在向位于其南部的一批国家提供免签证待遇，并在当地设立海外投资办事处... 这是台北为进一步重新平衡经济关系，远离政治对手中国的最新举动... 两岸关系 摇摆不定
蔡英文在2016年5月上任后宣布了“新南向政策”，重新平衡台湾这个5290亿美元经济体的经济关系... 根据美国智库对外关系委员会的统计，1988年至2016年期间，有93,000多家台湾企业投资中国... ", 詹宁斯
2017年10月23日,"
海峡论谈: 蔡英文“寻亲之旅”? 过境夏威夷、关岛
",中共十九大接近尾声，而台湾总统蔡英文则是在十九大之后随即出访马绍尔群岛、图瓦卢... 是否刻意与习近平在十九大所说的“两岸一家亲”唱反调... 《海峡论谈》邀请自由时报驻华盛顿特派员曹郁芬与资深两岸问题分析专家吴汉深入分析... 我们希望两岸在没有必要的状况下，不必有过多的挑衅性动作和言辞出现，这样对推动未来两岸关系的和平发展是有帮助的... 我想大家都知道，美国跟杜特尔特的关系非常紧张... , 樊冬宁
2017年10月23日,"
海峡论谈: 习近平19大对台出招 两岸“地动山摇”？
",台湾代表团团长苏辉、副团长江尔雄及卢丽安三位女性代表在接受两岸媒体联访时，卢丽安以“巧妇难为无米之炊”形容两岸互动现况，并说“米”就是“一个中国的认同... 台湾内部的民意支持度高，有号召力，它在两岸之间能发挥的作用就大，如果国民党未来的民意支持度比较低，或者号召力也不够的话，在选举上也失利，我认为在两岸关系上想着力的可能性也不大... , 樊冬宁
2017年10月23日,"
VOA连线(杨钊)：台湾资深记者看习近平对台讲话与台湾代表卢丽安
",除了习近平在工作报告中发表重要的对台讲话之外，备受瞩目的台湾代表卢丽安也和其他两位同样也是女性的十九大台湾代表召开记者会，卢丽安说，她爱台湾也爱祖国大陆，她说的话是大家不敢说出来的话，她还以“巧妇难为无米之炊”形容目前的两岸关系。台湾媒体怎么看习近平十九大对台讲话和这位台湾土生土长的中共十九大台湾代表卢丽安? 两岸关系的“米”究竟在哪? 《海峡论谈》请台湾东森电视驻北京特派员杨钊，通过电话联机与海峡两岸的听众、观众朋友分享他在十九大上近距离的第一手观察。,
2017年10月22日,"
海峡论谈：习近平19大对台出招 两岸未必“地动山摇”?
",而就在中共十九大开幕，习近平发表工作报告的同时，美国国务卿蒂勒森在华盛顿智库美国战略暨国际研究中心（CSIS）演讲时，罕见暗批了中国的不民主，以及中国“破坏国际 秩序“的行为。这是蒂勒森担任国务卿以来，对中国最直接，最尖锐的一次批评。另一方面，美国在台协会前台北办事处处长司徒文也在接受媒体访问时表示习近平在十九大对台讲话中没有提到统一时间表，但对台政策的谈话，整体来说是用了更强烈的语言，未来可能将继续对台湾施压;司徒文也说，他对 习坚持九二共识的说法“感到失望”。,
2017年10月22日,"
海峡论谈 完整版（2017年10月22日）
",话题：1)习近平十九大对台出招 两岸未必“地动山摇”？2)蔡英文南太“寻亲之旅”? 过境夏威夷、关岛 中共权斗如火如荼，海外爆料紧锣密鼓，朝核危机战云密布，台湾绝不能只剩下简单的统独论述。 VOA卫视《海峡论谈》10月份推出“聚焦十九大与两岸关系”系列讨论，带您全方位掌握十九大终局的各方博弈，近距离观察十九大现场的派系角力，并请专家深入分析十九大之后的两岸关系。今晚《海峡论谈》“聚焦十九大与两岸关系”系列讨论的第四集，我们邀请专家为您深入分析习近平十九大报告中的对台讲话、台湾代表卢丽安的记者会，以及蔡英文在十九大之后随即展开的出访行程，敲定过境美国的夏威夷与关岛，将如何牵动美中台关系？,
2017年10月22日,"
VOA连线(杨钊)：台湾资深记者看习近平对台讲话与台湾代表卢丽安
",除了习近平在工作报告中发表重要的对台讲话之外，备受瞩目的台湾代表卢丽安也和其他两位同样也是女性的十九大台湾代表召开记者会，卢丽安说，她爱台湾也爱祖国大陆，她说的话是大家不敢说出来的话，她还以“巧妇难为无米之炊”形容目前的两岸关系。台湾媒体怎么看习近平十九大对台讲话和这位台湾土生土长的中共十九大台湾代表卢丽安? 两岸关系的“米”究竟在哪? 《海峡论谈》请台湾东森电视驻北京特派员杨钊，通过电话联机与海峡两岸的听众、观众朋友分享他在十九大上近距离的第一手观察。,
2017年10月20日,"
台湾蓝绿立委如何解读习近平对台讲话？
",台湾陆委会副主委邱垂正在星期四例行记者会上针对习近平讲话按事先拟好的政府声明做出回应：“政府的两岸政策立场是明确而一贯的，那就是我们尊重1992年两岸两会达成的若干共同认知与谅解的历史事实，依据中华民国宪法两岸关系条例及其他法律处理两岸事务，致力于维持两岸和平稳定的现状... 两岸都有责任维护两岸和平稳定，双方要一起努力... , 张佩芝
2017年10月20日,"
学者评习近平涉台讲话：把大棒放台湾头上
",他质疑中国领导人是否“真的相信台独就像习近平所描述的那么危险”，因为他们应该可以看到，蔡英文总统一直以来都以非常谨慎的方式处理两岸关系，而且绝大多数台湾人民反对台独（也反对统一... 副主委及发言人邱垂正在星期四的例行记者会上说，尽管中国对台政策有既定主张与立场，但台海两岸关系的和平稳定发展是双方共同责任，北京当局应务实面对中华民国客观存在的事实，以及台湾人民对民主... , 锺辰芳
2017年10月18日,"
VOA连线(张佩芝)：习近平十九大政治报告 台湾有何反应？
",中共总书记习近平在十九大政治报告中关于对台政策主张的谈话，备受台湾各界关注。习近平再次提到体现一个中国原则的九二共识是确保两岸关系和平发展的关键。台湾总统府对此回应时再次期盼两岸能共同寻求互动新模式。美国之音驻台北记者张佩芝为您带来相关报道。, 许波
2017年10月18日,"
习近平：九二共识为关键 蔡英文：寻求互动新模式
",中共十九大星期三登场，中共总书记习近平在政治报告中关于对台政策主张的论述，备受台湾各界关注。习近平再次提到体现一个中国原则的九二共识是确保两岸关系和平发展的关键，只要承认九二共识的历史事实，认同两岸同属一中，两岸就能开展对话。台湾总统府对此回应时再次期盼两岸能共同寻求互动新模式。,
2017年10月18日,"
习近平：九二共识为关键 蔡英文：寻求互动新模式
",他说，体现一个中国原则的“九二共识”明确界定了两岸关系的根本性质，是确保两岸关系和平发展的关键... 台湾总统府的声明再次呼吁，面对两岸和区域发展新形势，两岸领导人应展现最大的智慧和耐心，共同寻求两岸互动新模式，为两岸和平稳定奠定基础... 陆委会再次呼吁在新格局下，应该摆脱过去沉闷困局，创造两岸关系活络新面貌，唯有务实沟通，共同寻求两岸互动新模式，两岸关系才能稳健前进... , 张佩芝
2017年10月18日,"
五角大楼高官：绝不以台湾安全做交易筹码
",美国总统川普即将于... 随着习近平权力进一步巩固之后，有一种关心就是习近平会不会采取更强硬的态度来对付台湾，甚至认为两岸之间军事冲突的可能性是存在的，也预测在未来是可能出现的，所以美方有这样的忧虑，无论是智库的学者或官方说法，所以对于这方面，我们的确要采取比较谨慎的态度，也就是我们希望两岸间不要有冲突，但总是有最坏情况的准备，所以要强化我们的国防和政治上的决心... , 锺辰芳
2017年10月17日,"
前美官员：台湾与中国统一是日本潜在威胁
","近来一本关于解放军可能在2020年攻台的新书在华盛顿引起许多讨论，作者易思安说，这本书主要目的是提供美国军事决策人士对台海及区域安全的参考，因为如果中国成功侵略并占领台湾，区域安全... 邓志强(美国之音钟辰芳拍摄)
??邓志强进一步表示，以地理因素来考虑，事实上台湾也应该与日本加强安全合作关系，因为一旦解放军取得对台湾的控制，对日本将会是一个潜在的威胁... ", 锺辰芳
2017年10月17日,"
19大前中台办谈对台工作成果 陆委会强烈反驳
",中共十九大前夕，中共中央台办和台湾陆委会分别发表文章与声明，就两岸关系提出针锋相对的论点。中共中央台湾办公室星期天发表文章，细数十八大以来对台工作成果，再次表示九二共识体现的一个中国原则，是两岸关系之锚，坚决反对任何形式的台独分裂行径。,
2017年10月16日,"
19大前中台办谈对台工作成果 陆委会强烈反驳
","台湾陆委会在第一时间发表声明反驳说... 积极开展舆论斗争
报告说，针对民进党上台后拒不接受“九二共识”，不认同两岸同属一中，“我们坚决停摆了以“九二共识”为基础的两岸沟通和商谈机制，并加强同岛内相关政党、团体和社会各界人士的交流互动，壮大反对台独以及维护两岸和平发展的力量和声势；积极开展舆论斗争，揭批台湾当局和台独势力破坏两岸关系政治基础和现状的行径... ", 张佩芝
2017年10月15日,"
海峡论谈：两岸开放探亲30年 十九大成历史转捩点？
",仍然被台湾人怀念，是支持度最高的总统，比现任和还活在人间的总统的支持度还高，蒋经国在30年前做了一个划时代的动作，而从1987年到2017这30年来，两岸关系可以说是历经了风风雨雨... 执政长达十四年，习近平找刘结一可能是要全面布局未来对台工作，将有一番新的做法，加上蔡英文让宋楚瑜担任APEC代表，也是继续对北京释出善意，我认为中共并不想把两岸关系真的搞到地动山摇... , 樊冬宁
2017年10月15日,"
海峡论谈: 独立的代价? 加泰、库尔德公投 台湾隐隐作痛?
",伊拉克的库尔德族自治区以及西班牙的加泰罗尼亚日前先后举行... 蔡英文和马英九不同的是，马英九两岸政策完全采取和平的策略，而蔡英文则是一手软一手硬... 简单来说就是，中国大陆和台湾的关系也不一样，台湾所面对的压力也不一样... 如果武统台湾或是必须牺牲自己的生命，两岸对峙付出巨大的经济代价，我相信大陆的年青人更加关注的是自己的生活，对于国家政治方面，他们的兴趣相对来讲是比较低的... , 樊冬宁
2017年10月15日,"
海峡论谈：两岸开放探亲30年 十九大成历史转捩点？
",10月15日是两岸开放探亲30年的日子。1987年10月15日，台湾前故总统蒋经国宣布开放老兵赴大陆探亲，让分离近40年的亲人得以相见，也开启了两岸交流的大门。回顾30年前，两岸从战乱到隔绝，多少血泪交织的故事，而30年后的今天，又从交流产生了新的矛盾，回首三十年，两岸不但没有因为开放交流而更接近，两岸年轻一代反而似乎越走越远，随着老一辈天伦破碎的眼泪随风而逝，两岸的下一代是否“因误会而相聚、因了解而分离”？站在历史与现实的交会点，加上10月18日即将召开的十九大，两岸关系是否再次面临历史的转折点？中共十九大是否将成为两岸未来命运的关键?,
2017年10月15日,"
海峡论谈 完整版（2017年10月15日）
",10月15日(周日)【海峡论谈】话题：1)台湾开放探亲30年 十九大成两岸历史转捩点？2)独立的代价？加泰、库德公投 台湾隐隐作痛？ 中共权斗如火如荼，海外爆料紧锣密鼓，朝核危机战云密布，台湾绝不能只剩下简单的统独论述。 VOA卫视《海峡论谈》10月份推出“聚焦十九大与两岸关系”系列讨论，带您全方位掌握十九大终局的各方博弈，近距离观察十九大现场的派系角力，并请专家深入分析十九大之后的两岸关系。今晚《海峡论谈》“聚焦十九大与两岸关系”系列讨论第三集，为您邀请台师大政治学研究所教授范世平与约翰霍普金斯大学国际研究院黄裕钧，回顾30年前两岸开放探亲的历史，并探讨加泰隆尼亚公投给台湾的启示。,
2017年10月15日,"
美台国防工业会议登场 台或尝试军购先进武器
",一年一度的美国-台湾国防工业会议星期天在美国新泽西州登场... 预计今年的会议将集中讨论川普政府的亚太政策对台湾防务的影响，以及台湾在太空、网路和电子战等新兴领域所面临的挑战... 此外，台湾方面将探讨购买新一代战机、潜艇的可能性... 美台年度国防工业会议曾经双方相当重要的一个军事对话平台... 但由于美国国会已经通过的国防授权法已经在相当程度上深化了美台军事交流，所以双方已不再将这一... , 美国之音
2017年10月14日,"
拓展本土国防工业 台湾自制教练机和潜艇
","面对来自中国大陆的威胁，台湾总统蔡英文强调台湾必须加强国防工业... 拓展本土国防工业 台湾自制教练机和潜艇
蔡英文自从2016年5月份上任以来，在国防方面大举强化了航太、潜艇和网络安全... 蔡英文政府今年六月份成立了“资通电军指挥部”，负责研究包括网路科技设备运作信号的电磁科技等技术... 蔡英文星期二在一场双十节致词中强调国防... 马政府则接受了这等条件来进行两岸对话... ", 詹宁斯
2017年10月14日,"
莫健吁台湾拿出急迫感应对中国威胁
",他说，美国支持台湾正在进行的各项国防改革，也会持续依据《台湾关系法》提供台湾必要的防卫武器及服务，不过虽然美国对台湾的安全承诺一贯坚定，但仅仅这个承诺并不足以应付台湾面临的快速变化... 莫健重申美国鼓励台海两岸以耐心、弹性及创意进行对话的立场，并且表示，台湾总统蔡英文的双十演说在有关两岸关系的部分内容恰当，也没有煽动性(inflammatory)的说法... , 锺辰芳
2017年10月13日,"
国民党庆祝两岸交流30周年 缅怀历史温情
",陆委会另外还发行两岸交流纪念邮票，并举办两岸交流邮票特展... 他提到他八年执政时期推动两岸关系的成果，也表示对目前民进党执政下的两岸关系感到忧虑... 很早就到大陆发展的台商代表黄锦勋、获得北大全额奖学金，目前就读北大公共管理硕士生的台生代表江祉谊、以及15年前从南非到台湾的陆生代表郭纪子，分享他们个人两岸交流30年的心路历程... , 张佩芝
2017年10月13日,"
国民党庆祝两岸交流30周年 缅怀历史温情
",1987年10月15日，国民党政府宣布开放大陆探亲，开启了两岸交流的大T。从九月开始，台湾政府机构和民间组织陆续举办两岸交流30周年纪念。九月底，陆委会在金门举办了小三通回顾与展望研讨会，但中国大陆学者“集体因故未能出席”，因此只有台湾学者参与。陆委会另外还发行两岸交流纪念邮票，并举办两岸交流邮票特展。与此同时，国民党本星期盛大举办“两岸交流30周年纪念大会”，国民党主席吴敦义、前主席吴伯雄、前总统马英九都出席致词。, 张佩芝
2017年10月12日,"
台湾亲民党主席宋楚瑜将代表蔡英文总统出席APEC会议
","她说：“我们也愿意在... 大国格局
台湾两岸政策协会秘书长王智盛接受美国之音采访表示，宋楚瑜主席如果有机会在APEC会议当中与中国国家主席习近平会面，希望能传达台湾仍然希望与中国大陆良性互动的... 他说：“大陆作为一个大国，和台湾的互动应该有更大的格局、视野去看待，不要让两岸关系拘泥在无法处理及充满争议的政治话语当中，应该用更长、更宏观的角度看待两岸关系... ", 张永泰
2017年10月11日,"
蔡英文:新南向政策高度包容 不与其他合作倡议竞争
",台湾总统蔡英文星期三在首届“玉山论坛”发表讲话时就新南向政策做出五项承诺... 蔡英文还表示，新南向政策具有高度包容性，不和包括“一带一路”的区域中其他的合作倡议竞争... 蔡英文自从上任以来，为了... 他说：“过去多年来，台湾是东南亚国家的一个主要投资者之一，而且和东南亚国家维持良好的关系，有些人批评说这是一个老旧的政策，这个进展的确是慢慢地累积而成，不过现在看起来似乎会加快... , 张佩芝
2017年10月11日,"
习近平十九大关于台湾的说与不说
",策略方向定调，对台湾的政策也包括在内，因此习近平是否借由他对党的高度控制与影响来改变两岸关系的调性仍有待观察，不过自蔡英文总统的民进党政府执政后，习近平坚持九二共识及一中政策是两岸对话的基础，并对台湾全面施压，因此习近平有可能在进入第二任时，基于美中关系、美台关系的、台湾选举等等外在环境的考量下，得出一个结论认为时间与耐心并不利于北京长远的统一... , 锺辰芳
2017年10月11日,"
蔡英文双十讲话：不会走对抗老路，不会对压力屈服
",十月十日是中华民国双十国庆，今年主题是“更好的台湾”。一大早，许多民众在炙热的天气下涌到总统府前准备参加庆典。台湾总统蔡英文在庆典演说中在谈到两岸关系时重申， 不会走回对抗的老路，但也不会在压力下屈服。蔡英文在讲话中并未提到九二共识，不过再次表示希望寻求两岸互动新模式。,
2017年10月11日,"
蔡英文双十讲话（二）
",自从蔡英文上任后一直避谈九二共识，也再三提出希望两岸思考“互动新模式”。中国大陆国台办发言人马晓光针对蔡英文的讲话回应说，台湾不论提出什么模式、主张，关键还是得说明两岸关系性质这个根本问题，确认台湾与大陆同属一中的核心认知。他说，只要坚持一中、反对台独，两岸关系才能平稳发展。,
2017年10月11日,"
蔡英文双十讲话(一)
",蔡英文说，从她上任以来，为维护两岸关系和平稳定发展，已经尽了最大善意。她说：“我也多次重申，我们的善意不变，承诺不变，不会走回对抗的老路，但也不会在压力下屈服，这就是我们处理两岸关系的一贯原则。”,
2017年10月10日,"
时事大家谈: 不庆十一庆双十，重回民国为何方兴未艾？
",今天就在台湾各界庆祝中华民国106年国庆的时候，在中国也有部分人士以他们的方式庆祝双十... 近年的调查显示，在中国对“民国”的搜索人数远远超过对“改革”、“社会主义”的搜索，“民国派”、“民国粉”在中国不断增加，为何有这么多人要抛弃中共、拥抱民国... 民国的宪政法统、自由民主是否真能重返大陆... 民国究竟是已经逝去的历史... 还是可寄望的未来... “重回民国”的呼声能给中共政权带来多少的... , 郑裕文
2017年10月10日,"
蔡英文双十讲话：不会走对抗老路，不会对压力屈服
",台湾总统蔡英文在庆典演说中在谈到两岸关系时重申， 不会走回对抗的老路，但也不会在压力下屈服... 蔡英文表示，今年是两岸交流三十周年，应该珍惜三十年来得来不易的成果及累积的善意，在既有基础上，寻求两岸关系的突破... 中国大陆国台办发言人马晓光针对蔡英文的讲话回应说，台湾不论提出什么模式、主张，关键还是得说明两岸关系性质这个根本问题，确认台湾与大陆同属一中的核心认知... , 张佩芝
2017年10月9日,"
海峡论谈：你的叛徒、我的英雄--成为历史的“反共义士”
",孙天勤被台湾各界称为“反共义士”，他的... 这些当年慷慨激昂的反共义士光环逐渐衰退，在历史的洪流中成为两岸关系转变的重要见证者，媒体曾想采访这些反共义士，向空军要求采访前一位投诚的刘志远，他的反应竟是“希望大家忘了我”，而这... 孙天勤的逝世，让大家又想起了当年的这批“反共义士”，或许藉由《海峡论谈》今晚的讨论，也能够让海峡两岸的听众、观众对两岸关系重新进行一番省思... , 樊冬宁
2017年10月9日,"
海峡论谈：你的国庆、我的双十--消失的青天白日满地红
",中华人民共和国刚在10月1日庆祝完中共建政68周年，马上... 九时代，时任驻美代表沈吕巡在双橡园举办升旗典礼，引起轩然大波，从白宫国安会、国务院到美国在台协会AIT都表示严正关切，外界究竟应该如何解读与分析这面旗帜背后牵动的复杂的美中台关系... 两岸和平互信研究协会执行长李华球表示 : “中华民国这面青天白日满地红的国旗，在美中台关系当中造成了许多误解，也造成了僵局... , 樊冬宁
2017年10月9日,"
海峡论谈: 最神秘的十九大台湾代表卢丽安代表了谁?
",中共十九大即将在10月18日登场，日前曝光的2287名十九大代表名单当中，台湾省籍的代表因为相关细节迟迟没有公布，被外界称为“最神秘的... 《海峡论谈》邀请"民国宪政派"发起人王雪笠与两岸和平互信研究协会执行长李华球为您深入分析... 两岸和平互信研究协会执行长李华球表示: “台湾省籍十九大党代表名额与十八大相同，维持十人左右，包括苏辉、江尔雄、符之冠等台联系统骨干... , 樊冬宁
2017年10月8日,"
海峡论谈 完整版（2017年10月8日）
",10月8日(周日)【海峡论谈】话题: 1) 最神秘的十九大台湾代表--卢丽安代表了谁? 2) 你的国庆、我的双十--消失的青天白日满地红；3) 你的叛徒、我的英雄--成为历史的“反共义士” 中共权斗如火如荼，海外爆料紧锣密鼓，朝核危机战云密布，台湾绝不能只剩下简单的统独论述。 VOA卫视《海峡论谈》10月份推出“聚焦十九大与两岸关系”系列讨论，带您全方位掌握十九大终局的各方博弈，近距离观察十九大现场的派系角力，并请专家深入分析十九大之后的两岸关系。敬请锁定北京/台北时间今晚9点到10点的《海峡论谈》，美国之音官网、脸书YouTube同步直播，欢迎踊跃参与现场讨论!,
2017年10月7日,"
“反共义士”孙天勤告别式 回顾戏剧化一生
",孙天勤惜别会星期六在台北举行，台湾国防部长冯世宽、空军司令沈一鸣都亲自到场献花致敬并对家属表示哀悼之意... 虽然“反共义士”已是历史名词，但孙天勤的丧礼仍受台湾国防部重视，以专案处理，国防部长冯世宽亲自到场致敬，并慰问... 孙鹏说，“两岸对峙的时代，先父投奔自由的壮举，在当时激励无数台湾人民反共斗志... 萧天润在惜别会上感谢国防部对此事的重视，也表示希望两岸不要再兵戎相见... , 张佩芝
2017年10月6日,"
台湾陆委会：尊重卢丽安选择入籍中国
","尊重卢丽安选择入籍中国
台湾主管大陆事务的陆委会主委张小月表示，台湾出生的卢丽安女士已经入籍中国，因此没有违反两岸人民关系条例台湾公民不得担任中共党政军等职务的规定... 发展心声
根据中国人民政治协商会议上海市委员会旗下“联合时报”2015年的一篇专访指出，针对两岸关系，卢丽安指出，自己不是研究两岸关系的学者，说不出两岸走向的理论或分析... ", 张永泰
2017年10月6日,"
台湾驻美代表处庆双十 莫健吁台海两岸对话
",台湾驻美代表处星期三举行双十活动庆祝中华民国国庆，台湾驻美代表高硕泰、美国在台协会主席莫健，以及出席的多位美国国会议员都在这个场合重申美台关系坚强友好，以及美国持续协助台湾强化自我防卫能力的承诺。,
2017年10月6日,"
台湾驻美代表处庆双十 莫健吁台海两岸对话
",星期三举行双十活动庆祝中华民国国庆，台湾驻美代表高硕泰、美国在台协会主席莫健，以及出席的多位美国国会议员都在这个场合重申美台关系坚强友好，以及美国持续协助台湾强化自我防卫能力的承诺... 莫健说：“很明显的是台海两岸现在缺乏互信和沟通，美国将继续敦促双方进行建设性对话，展现耐心、弹性与创意，寻求能让彼此接触的方法以避免误判并解决分歧... , 锺辰芳
2017年10月5日,"
时事大家谈: 2020攻台？19大后习近平真会打台湾？
",这个星期在美国出版的一本新书说，中国解放军已经拟定... 不过，他最想通过这本书传达的，并不是解放军2020攻台的计划，而是最近几年，马英九的两岸政策虽然小心而保守，但中国还是准备攻击台湾；即便蔡英文也很小心，中共仍然不会改变对台湾的想法... 当然，台湾自己要有非常聪明的外交政策以及区域安全政策，以及与美日之间的友好关系，才能共同维系整个区域的安全，而不仅仅是台海问题... , 郑裕文
2017年10月5日,"
时事大家谈: 2020攻台？19大后习近平真会打台湾？
",这个星期在美国出版的一本新书说，中国解放军已经拟定2020年夺取台湾的秘密作战计划，其中包括封锁与轰炸、两栖登陆以及地面作战三阶段，以高达40万部队的人海战术登陆台湾。不过书中也指出，解放军的武力进攻可能会引爆美中之间的冲突，“几乎可以确定”解放军将面临失败的命运。随着中共19大即将召开，习近平会在任内武力统一台湾的说法频传，这本新书是否间接证实这样的传闻？书中到底揭露哪些细节？面对中国的武力进攻，台湾能如何应对？19大后，习近平会如何处理对台政策？, 郑裕文
2017年10月5日,"
台湾侨委会：中国“统促会”来台进行统战工作
",吴新兴委员长还说... 台湾侨委会的书面报告指出，自从去年520之后，中国大陆就不断透过全球各地“统促会”分会，举行各类活动批评台湾政府的两岸政策，挑拨分化侨团对于中华民国及台湾的感情与支持... 他说：“而“统促会”是有功能和目的的，我们不需要他们来台湾骚乱我们的政治，国内有人主张急统保护他，(这是)多元的声音，可是海外和中共关系密切的(团体)，你们要特别注意这一块... , 张永泰
2017年10月4日,"
台湾行政院长：蔡政府不会推公投不会宣布独立
",台湾行政院长赖清德10月3日在接受国民党立法委员质询时表示... 前台南市长赖清德过去多年来被台湾各界广泛认为有一天他会参选总统选举，因此他的两岸论述总会引起各界关注... 随后赖清德表示，两岸是总统职权，他的政治主和砂墩策不同，他率领的行政院是在蔡英文的领导下，维持两岸现状，巩固台湾主权... 他说，他希望两岸求同存异，透过交流增进彼此的了解、理解、和解、谅解，然后和平交流... , 张佩芝
2017年10月4日,"
美新书揭露中国2020年攻台秘密作战计划
",一本这个星期出版的新书说，中国军方已经为2020年夺取台湾拟定秘密作战计划，这个对台湾的武力攻击可能引爆美中之间的冲突... 书中提到，美中之间... 赖世葆问，一旦台海两岸打仗台湾可以撑多久... 个可能情况，包括1)台湾宣布独立；2)台湾明确朝向独立；3)台湾内部动荡不安；4)台湾获得核子武器；5)海峡两岸和平统一对话延迟；6)外国势力介入台湾岛内事务；7)外国兵力进驻台湾... , 锺辰芳
2017年10月4日,"
蔡英文接受中央社专访 关注川普下月访中
",川普的亚洲行程包括... 蔡英文在谈到两岸关系时希望，在中共十九大之后，双方可以思考新的模式，让两岸关系更灵活一些... 蔡英文尽管没有明确表示接受这项要求，但她多次表示会在中华民国宪政体制下维持两岸关系的现状... 蔡英文表示维持两岸的和平稳定以及两岸关系的现状一直是她执政时期的重要原则... 她同时指出，地区情势正在发生新的变化，双方需要检讨处理两岸关系的想法，才能适应这种变化的需要... , 美国之音
2017年10月2日,"
台立委：中国借李明哲案恫吓台湾言论自由
",中国法院是否已经就李明哲案进行宣判在台湾引发关注，有民进党立委认为，中国政府试图借由李明哲案恫吓台湾人民的言论自由... 她说：“中国对言论自由的钳制，从早期对异议人士的逮捕，到宗教人士的... 两岸目前的官方交流基本中断，台湾主管大陆事务的陆委会针对李明哲案曾经多次发表声明指出，李明哲当庭认罪，不符合法律正当程序，这个事件对台湾人民感情会有很大伤害，对两岸关系的发展不利... , 张永泰
2017年10月2日,"
海峡论谈: 十九大山雨欲来 习拟拍板武统台湾日程？
",近期不少舆论指出，十九大之后习近平可能将解决两岸问题摆上议事日程，与此同时，新华社29日公布十九大代表完整名单，其中国台办主任张志军仍然名列其中... 中国国台办发言人马晓光响应赖清德的时候表示，大陆和台湾同属一个中国，两岸关系不是国与国关系，也不是“一中一台”，“台湾作为中国领土不可分割的一部分，从来就不是一个国家，也永远不可能成为... , 樊冬宁
2017年10月2日,"
海峡论谈: “中国教父”习近平 五星旗下的统战与暴力
",香港多个政党及团体十一举行“反威权大游行”，而在台湾的中华... 《海峡论谈》邀请《中国教父习近平》一书作者余杰以及两岸问题专家吴汉教授为您深入分析... 竹联帮和当年蒋介石带到台湾的军人子弟有关系，这是蒋家统治的中后期刻意扶植的一个黑帮... 统促党在过去台湾发展的过程里面，大家都知道它和竹联帮的关系，可是无论如何，它最成功的是搏到了新闻版面，而且整个游行也在台湾的电视上播放了... , 樊冬宁
2017年10月1日,"
海峡论谈 完整版（2017年10月1日）
",中共权斗如火如荼，海外爆料紧锣密鼓，朝核危机战云密布，台湾绝不能只剩下简单的统独论述。 VOA卫视《海峡论谈》从10月1日起推出“聚焦十九大与两岸关系”系列特别节目，带您全方位掌握十九大终局的各方博弈，近距离观察十九大现场的派系角力，并请专家深入分析十九大之后的两岸关系。《海峡论谈》“聚焦十九大与两岸关系”系列讨论第一集邀请《中国教父习近平》作者余杰与台湾的两岸问题专家吴汉教授，与听众、观众朋友们一同探讨，日前引发关注的台大校园流血风波是否折射出北京对台统战潜藏的暴力因子，以及即将登场的中共十九大，是不是习近平打算在任内武统台湾的关键时刻？,
2017年9月30日,"
专家：川习会或有联合声明但不至有公报
",在美国总统川普即将访问北京之际，关注台海... 容安澜说，美中之间会有联合公报的存在就是因为台湾，但现在美国要发表任何与台湾有关的文件都不可能不提台湾关系法，他不认为北京会接受这种做法... 问题在于，我不认为此时在与台湾有关的事情上美国能够发表任何重要文件其中可以不含《台湾关系法》，而北京也不可能同意任何含有《台湾关系法》的文件出现--就算我们把其他考量摆到一边不谈的话... , 锺辰芳
2017年9月27日,"
李明哲妻要求探监 称中国无权剥夺探视权
",在北京和台北的关系仍旧紧张之时，台湾非政府组织工作者李明哲的妻子李净瑜要求探视被关押在中国的丈夫... 李明哲被中国政府控告犯有“颠覆国家政权”罪... 李净瑜周二发出探视请求... 台湾总统蔡英文拒绝赞成中国政府持有的台湾属于中国领土的立场，双方关系处于僵局状态... 对于赖德清的言论，中国国台办另一位发言人马晓光9月27日回应说，两岸关系“不是国与国关系，也不是‘一中一台... , 美国之音
2017年9月27日,"
赖清德：我是主张台湾独立的政治工作者
",9月8日才上任的台湾行政院长赖清德，星期二到立法院报告上任以来首度施政方针，在答复各党派立委质询时也就台海两岸关系做了清楚的表态，包括重申他的台独立场，引起各界广泛注意。, 锺辰芳
2017年9月27日,"
赖清德：我是主张台湾独立的政治工作者
",是主张台湾独立的政治工作者 自蔡英文总统9月5日宣布，将由台南市长赖清德接任林全担任行政院长后，除了内政议题外，他对台湾前途、两岸关系的态度与说法一直都是媒体关注的焦点... 国民党立委林为洲在提到蔡英文... 他说，在两岸关系方面，民进党当局最需要回答的问题是，两岸关系的性质是什么，“只有承认‘九二共识’，认同两岸同属一中，两岸关系才能重回和平发展的正确轨道, 锺辰芳
2017年9月26日,"
中国演唱会生波 中媒称台湾年轻人神经质
",《环球时报》微博账号星期天贴出... 胡锡进说，蔡英文上台以后两岸关系急转直下，如今两岸交流还是经过台北市长柯文哲的努力才让台北与上海的双城论坛得以保存，也因此才有中国新歌声到台北搞的活动... 中国新歌声是台北、上海双城论坛的交流活动，今年由上海市海峡两岸交流促进会与上海传媒公司主办，台北市文化局协办，上星期已经先在台北世新大学及文化大学举办活动，星期天在台湾大学举办演唱... , 锺辰芳
2017年9月25日,"
中国在台办演唱会 抗议和混乱中提前收场
",中国大陆在台湾举行的一场音乐会在抗议和混乱中提前收场，事后统派人士与抗议学生之间发生暴力冲突，有学生受伤... 主办者来自上海的“中国新... 台湾行政院大陆委员会星期一在发给美国之音的一份声明中说，政府主张两岸交流应符合对等尊严原则，要求邀请单位在活动海报等各项安排中不得有“矮化我方”的行为或用语，并称会对这一事件依法... 声明还呼吁台湾社会以和平理性的态度看待两岸交流活动, 黎堡
2017年9月24日,"
民进党开全代会 蔡英文：诚实面对中国崛起
",台湾执政的民进党举行蔡英文政府施政满一年之后的首次全代会... 党内人士在政党纲领、施政路线等重大问题上存在分歧，但是蔡英文说，她会严格要求所有党员团结一致... 民进党几百名代表9月24日... 的台南市议员王锦德和其他多位代表对美国之音说，一些民进党人对蔡政府一年多来的施政、尤其是两岸关系紧张带来的经济问题不满，进而影响到地方民进党政府和议员的民众支持度和2018年的地方选举... , 黎堡
2017年9月23日,"
李显龙访中 与台星光计划动向引关注
",与中国国家主席习近平、国务院总理李克强会面，有分析认为，无论新、中领导人对诸多议题的看法是否一致，这个访问至少让彼此近来因南中国海主权争端及其他因素而导致原本不太顺畅的关系有所缓解... 说，据新加坡总理公署在北京发给随行采访媒体的新闻资料，新加坡政府的立场是“新加坡始终遵循我国的‘一个中国’政策”，台海两岸关系和平发展，并没有如新华社报道中提到的“反对台湾‘独立... , 锺辰芳
2017年9月21日,"
美台环保署长在华盛顿会面
",关于台海两岸在环保议题上的交流问题，李应元说，目前中央政府层级的部分已经停止，但地方政府与学术界仍然有交流，不过环保议题是跨境的，大家都“吸着同一口空气”，中国的雾霾问题也影响到台湾的空气品质，因此两岸应该在环保议题上共同合作... , 锺辰芳
2017年9月18日,"
台湾加入联合国活动纽约登场
",台湾加入联合国活动在新一届联合国大会即将举行一般性辩论前在纽约登场... 参加集会抗议活动的不仅有当地和来自台湾的活跃人士，也得到了流亡藏人、维吾尔人社区和汉人异议人士的支持... 抗议集会星期六下午在中国驻纽约总领事馆对面的公园里举行... 这一活动由台湾加入联合国和自由台湾两大运动的支持者发起，三位台湾立法委员专程从台湾前来与会... 台湾立法委员张宏陆：“主要是要让国际社会看到台湾... , 方冰
2017年9月18日,"
海峡论谈：台湾人才外流与中国磁吸效应
",时代杂志引述一份2015年的统计资料说，台湾1000万名工作人力中，有72万人跑到对岸工作，其中不乏许多高学历的台湾中坚人力... 台湾人才外流到中国，对两岸关系的影响是正面还是负面... 我觉得这或许就是未来两岸发展的核心点，就是多少人会局限于意识形态上，而又有多少人会现实的在经济发展上做一个妥协... 如果这是未来可以走的道路的话，他相信两岸未来可以有一个很和平共处的方式... , 李逸华
2017年9月17日,"
海峡论谈：李明哲案与台湾入联争议
",中国湖南省岳阳中级法院9月11日对台湾人权工作者李明哲涉嫌“颠覆国家政权”一案开庭审理... 李明哲的妻子李净瑜和母亲郭秀秦以及部分台湾媒体获准进入旁听... 台湾陆委会表示，李明哲只是人权工作者，既不可能也... 台湾陆委会发言人邱垂正也说，李明哲案引起国际社会和台湾各界严重关注，还关系到中国大陆的形象，同时会影响跟台湾关系的发展... 李明哲案对原本就已经低迷的两岸关系造成什麽影响... , 李逸华
2017年9月17日,"
海峡论谈：台湾人才外流与中国磁吸效应
",时代杂志引述一份 2015年的统计资料，台湾 1000 万名工作人力中，有 72 万人跑到对岸工作，其中不乏许多高学历的台湾中坚人力。不只高端市场上的优秀人才，刚毕业的学生也都在他们的狙击范围内。在中国政府政策的引导之下，对台湾学子开出了「到中国念书，保障工作机会」超大诱因。面对中国的磁吸效应，台湾的年轻人在国家认同与实际的面包之间，究竟如何抉择？台湾人才外流到中国，对两岸关系的影响是正面还是负面？又是否会引爆台湾的国安危机呢？,
2017年9月17日,"

海峡论谈：台湾人才外流与中国磁吸效应
",时代杂志引述一份 2015年的统计资料，台湾 1000 万名工作人力中，有 72 万人跑到对岸工作，其中不乏许多高学历的台湾中坚人力。不只高端市场上的优秀人才，刚毕业的学生也都在他们的狙击范围内。在中国政府政策的引导之下，对台湾学子开出了「到中国念书，保障工作机会」超大诱因。面对中国的磁吸效应，台湾的年轻人在国家认同与实际的面包之间，究竟如何抉择？台湾人才外流到中国，对两岸关系的影响是正面还是负面？又是否会引爆台湾的国安危机呢？,
2017年9月17日,"
海峡论谈：李明哲案与台湾入联争议
",中国湖南省岳阳中级法院， 9月11日对台湾人权工作者李明哲涉嫌“颠覆国家政权”一案开庭审理。李明哲的妻子李净瑜和母亲郭秀秦，以及部分台湾媒体获准进入旁听。李明哲当庭认罪。台湾陆委会表示，李明哲只是人权工作者，既不可能也没有能力颠覆国家政权，指中国大陆方面在处理李明哲一案上未尽符合法律正当程序保障，外界无法认同与接受，并呼吁陆方让李明哲早日返台。国台办发言人安峰山回应事件时则强调，中国是法治社会，任何人在中国都要遵守法律规定和社会公共秩序，触犯法律都要受到法律的追究。任何利用此案进行政治操作、影响或诋毁中国依法办案、攻击中国政治和法律制度的企图都是徒劳的。,
2017年9月17日,"
海峡论谈 完整版（2017年9月17日）
","9月17日(周日)【海峡论谈】话题：1)李明哲案与台湾入联争议； 2)台湾人才外流与中国磁吸效应
在关押了近半年后，台湾人权活动人士李明哲涉嫌“颠覆国家政权”案9月11日在中国湖南省岳阳中级法院开庭审理，李明哲当庭认罪。李明哲案对已经降到冰点的两岸关系有何影响？而就在李明哲案引发两岸关注之际，推动台湾加入联合国的宣达团抵达了美国华盛顿和纽约，台湾入联返联的争议再次引发各界关注。海峡论谈今晚在华盛顿与台北分别为您邀请了专家、学者和听众观众朋友们一同深入探讨。
",
2017年9月15日,"
台民间组织中国使馆外抗议 为台湾入联及李明哲案发声
",一个旨在推动台湾加入联合国的民间组织周四上午在中国驻美大使馆外举行抗议活动，为台湾加入联合国和李明哲案发声。,
2017年9月14日,"
台湾入联宣达团：加入联合国梦想终会成真
",台湾民间团体“联合国协进会”为推动台湾加入联合国，过去25年来不断向联合国叩门，呼吁联合国及其所有成员，让台湾加入联合国成为其一员... 今年，在联合国大会召开前，这个非政府组织再度组成... 蔡明宪和前台湾国安会副秘书长张旭成，星期三在乔治华盛顿大学与美国学者蓝若思(Elizabeth Larus)共同出席一场美台关系座谈，并且在随后的记者会上介绍今年宣达团要表达的诉求... , 锺辰芳
2017年9月13日,"
李明哲案件致使两岸关系进一步转冷
",中国星期三警告台湾说，不要利用台湾人权活动人士李明哲一案攻击大陆... 台湾公民李明哲和一名中国被告星期一的庭审提醒台湾人民海峡两岸的政治制度分歧很深... 蔡英文2016年5月就任总统以来，两岸在政治上的相互认同没有共识，停止了被中国视为实现统一的沟通渠道的对话... 北京派出航空母舰在距离台湾160公里的海域航行，游说台湾的两个邦交国跟台湾断绝关系，还缩减了大陆赴台游客人数... , 詹宁斯
2017年9月13日,"
时事大家谈：民主台湾如何抗击专制中国？
",随着中国当局加大对内的控制打压... 而且，美国对台湾的安全与和平、稳定一直很在意，也一直重视台湾关系法，也认为有法律责任来维护台海的和平... 蔡明宪说，李明哲被中国当局逮捕，这对未来台湾和中国方面的两岸交流，尤其是观光和经贸，将产生很重大的影响... 蔡明宪说，大多数台湾人民都希望两岸能够和平共存，在文化、经贸、学术方面能够互相交流和尊重，让海峡没有战争没有冲突，两岸共存共荣... , 郑裕文
2017年9月12日,"
李明哲公审认罪 妻李净瑜：不能接受
",台湾人权工作者李明哲星期一在湖南岳阳一个法庭审判中，对于被指控的“颠覆国家政权”罪名公开认罪... 在法庭中旁听的李明哲妻子李净瑜称，这是“一场政治大戏”，“台湾人不能接受，文明世界也不能接受... 李净瑜在审判结束后举行的记者会上发表“参与‘伟大的中华人民共和国政府公审大会’感言”，表示全世界和她今天“都见证了这一场政治大戏，也见证了台湾的核心信仰与价值和中国的差异性... , 锺辰芳
2017年9月11日,"
香港民主派团体示威声援李明哲
",香港市民支援爱国民主运动联合会（支联会）和社会民主连线（社民联）约20人周一举行游行示威，声援被中国政府拘捕和审判的人权活动人士及非政府组织工作者李明哲... 支联会和社民联成员游行至中国中央政府驻香港联络办公室大楼外，要求中国政府立即释放台湾的... 台湾陆委会表示，国际和台湾社会高度关注李明哲案，此案也影响到两岸关系的发展，呼吁中国大陆妥善处置，尽快让李明哲平安返台... , 美国之音
2017年9月11日,"
海峡论谈专访希尔大使:“小北约”成型 牵动台湾命运?
",也牵动着台湾的命运，如果真的在台湾部署萨德系统或让美国的军舰停靠台湾，是否将对两岸关系造成严重的冲击?《海峡论谈》今晚邀请前美国驻韩大使、“六方会谈”首席谈判代表--克里斯多福・希尔... 但如果朝鲜看到这三国关系越来越好的话，他会意识到自己被孤立，如果他再拥有核武的话，将会进一步被孤立... 我们希望看到一个和平的两岸关系，我也知道这很困难，双方对一些问题的情绪都很高涨... , 樊冬宁
2017年9月7日,"
李明哲案将开庭 妻子李净瑜办手续赴中国
",在联合国一个工作组正准备处理台湾人权工作者李明哲在中国“被失踪”一案的前夕，李明哲妻子李净瑜说，她接到一名自称是李明哲律师的男子来电，告诉她李明哲案即将开庭，要她即刻前往中国... 台湾政府再度呼吁中国尽速说明李明哲所涉案情、遭限制人身自由的地点以及其身体健康状况，保障李明哲应有的权益，并尽速依据《两岸共同打击犯罪及司法互助协议》通报机制向台湾方面进行通报... , 锺辰芳
2017年9月7日,"
台湾活动人士李明哲妻子：李可能很快被公审
",被中国拘押的台湾活动人士李明哲的妻子李净瑜9月6日举行记者会说，她最近接到一个自称是李明哲律师的电话说，湖南省一个法院可能很快对李明哲案件公开审理并且让李净瑜马上到中国大陆... 李净瑜计划到日内瓦参加联合国一个关于强制失踪人口问题的工作组，讲述李明哲的遭遇，有记者问她接到这个通知是否会改变计划... 李净瑜说，这的确是一个情势变化，“我需要一些时间来思考和因应... , 杨晨
2017年9月7日,"
台湾活动人士李明哲妻子：李可能很快被公审
",被中国拘押的台湾活动人士李明哲的妻子李净瑜9月6日举行记者会说，她最近接到一个自称是李明哲律师的电话说，湖南省一个法院可能很快对李明哲案件公开审理并且让李净瑜马上到中国大陆。,
2017年9月6日,"
赖清德接任行政院长 对中国态度受注意
",赖清德今年早些时候曾经对两岸关系提出“亲中爱台”的说法，引发台湾内部许多议论和批评，6月份赖清德到华盛顿访问时对台侨说明他的立场与亲中爱台的论述内容，当时即有部分观察人士注意到... 一名在现场聆听赖清德演讲的台侨告诉美国之音，赖清德对两岸关系的立场与蔡英文总统没有不同，他的“亲中爱台”说法对象是绿营人士与国际社会... , 锺辰芳
2017年9月4日,"
台湾偏远乡村感受两岸关系冲击
",在盛夏的台湾，在这个岛屿的东南角，有一个依山傍水、气候宜人和鲜花盛开的地方... 可是，在这个远离台北的山区小村，人们依然感受到海峡两岸的紧张气氛和它对村民们生计的冲击... 蔡政铭：“我们叫它本地种，也叫它华南种，它大概在300多年前从中国大陆移植到台湾的西部来种... 在盛夏8月底的一个上午，人到中年的蔡政铭坐在自己家开的青山农场咖啡店里，如数家珍似地描述着农场里满山遍野的... , 黎堡
2017年9月3日,"
海峡论谈：朝鲜试爆氢弹 台湾重启核武?
",朝鲜8 月29日才刚试射一枚飞越日本上空的弹道导弹， 9月3日又选在中国国家主席习近平于厦门金砖五国峰会上开幕致词时宣称成功试爆氢弹... 韩联社指出，朝鲜此次试爆氢弹的威力，是去年核试的9.8倍... 朝鲜半岛危机加剧，日韩... 究竟张宪义是一个挽救两岸同胞于核武互残悲剧的一位英雄还是一个叛徒呢... 不过在台湾地小人稠的情况，以及目前的美中关系和美台关系下，台湾绝不可能私下发展核武... , 樊冬宁
2017年9月2日,"
专家:19大后中国对台湾的政策会更加强硬
",中共中央政治局星期四宣布，中国共产党第19次全国代表大会将于10月18日在北京召开... 在此之前，美国专家在一个有关“19大和台湾”的研讨会上说，习近平对台湾政策在中共19大后可能会变得更加强硬... 还有专家说，习近平有可能在2021年中共建党100周年或是2022年民进党继续执政台湾之际，在面临巨大压力时，在台湾问题上有所动作... 分析人士指出，19大结束后，习近平对台湾... , 斯洋
2017年8月31日,"
台军方报告：解放军提升封控台湾海峡能力
",台湾国防部说，中国解放军新式战机及长程轰炸机常态跨越第一岛链，威慑美国的亚太驻军，并以“辽宁号”航母为基础逐渐提升封控台湾海峡能力... 台湾中央社8月31日报道，台国防部将“五年兵力整建及施政计划报告”送达立法院... 报告指出，中共军队强化东、南海主权争议区的维权力度，已直接挑战美、日在亚太地区的安全与利益... 报告预测，如果未来该地区的主权争议持续恶化，不排除发生局部冲突... , 美国之音
2017年8月31日,"
世大运已交棒 台湾着眼下一个目标
","台北市长柯文哲2017年8月30日交棒下届世大运主办权（美国之音黎堡摄）
??台北世大运组委会主任委员、台北市市长柯文哲在交棒前的致辞中说，组织和执行这次赛事的全体工作人员以自己的行动向世界展现出了台湾的力量... 台湾副总统陈建仁在讲话中说，台湾绝对有能力主办国际重大赛事，并邀请各国运动员再来台湾... 在历时12天的2017台北世界大学生运动会中，东道主以... ", 黎堡
2017年8月30日,"
台陆委会：李明哲被捕或不是最后案例
",台湾陆委会提醒在中国大陆展开活动的台湾非政府组织（NGOs）“应提高警觉... 台湾陆委会星期二公布谘询委员会议资料显示，有谘询委员在会中表示，李明哲被捕可能不是最后的案例，未来仍有可能会有其他案件再发生... 台湾非政府组织人权活动者李明哲3月19日在中国被关押，他被控“颠覆国家政权... 有与会学者指出，李明哲案发生迄今，关押地点、健康情况，及侦讯期间当事人相关权利保障等问题... , 美国之音
2017年8月28日,"
海峡论谈：台湾国防部长过境美国有何意义?
",所以加强和美国的关系当然是台湾自保之道... 中华财金法学会秘书长吴汉说，站在台湾的角度，发展一个健康的两岸关系是非常重要的，两岸关系的发展除了避免军事冲突之外，台港之间的关系也很重要... 过去我们有一个良好的台港关系，在未来如何发展一个健康的台港关系也有助于两岸关系的发展，而在民主发展方面是可以彼此借鉴的... , 张佩芝
2017年8月27日,"
海峡论谈 完整版（2017年8月27日）
",在今晚的节目中，我们首先要带您关注：2014年香港雨伞运动学生领袖黄之锋、周永康、罗冠聪8月17号遭香港高等法院上诉庭改判六到八个月不等监禁，该判决引发国际舆论哗然，民众强烈抗议，许多分析人士认为，这意味一国两制信用破产。一国两制的失败对两岸关系有何影响？与此同时，台湾国防部长冯世宽8月23号到9月8号期间访问台湾在中南美洲的邦交国，包括出席尼加拉瓜建军38周年庆祝典礼，他在访问期间在去程和返程分别过境美国纽约和洛杉矶，虽然过境期间没有安排行程，不过军事敏感度高，因此台湾国防部长过境美国实属罕见。对此，中国外交部警告说，反对美国和台湾的任何军事接触。,
2017年8月21日,"
海峡论谈：世大运登场 中华台北还是台湾队?
",蔡英文以中华民国总统身份出席开幕式，称“2300万人都是台湾队... 台北世大运将进行到8月30日，接下来十天内如果两岸选手同场竞技，是否可能重演今年三月在台北小巨蛋冰球锦标赛上打群架的情况... 现在两岸年轻人在体育赛事互相仇视，是双方对两岸关系不满的折射... 范世平则是对两岸“天然独”与“小粉红”之间互相仇视的现象表示担忧： “以前曾经发生过台湾年轻人帮日本队加油的事例... , 樊冬宁
2017年8月20日,"
海峡论谈：世大运登场 中华台北还是台湾队?
",世界大学生运动会在台北登场，台湾参与国际活动的名称问题再次引发各界瞩目，究竟台湾参与国际比赛，应该用“中华台北队”还是“台湾队”的名义? 蔡英文以中华民国总统的身份出席开幕式，并在她的脸书上说，2300万人都是台湾队，呼吁台湾民众团结一致，捍卫主场！而中国队的选手则是弃权团体赛，并且技术性缺席开幕式，另一方面，反对年金改革的团体在场外抗议，干扰活动的进行。今晚海峡论谈上半场我们带您从世大运，还有最近的一些事件来看台湾的国家认同争议。,
2017年8月14日,"
海峡论谈：北京对台“超限战” “蓝金黄”计划曝光？
",台海局势不断升温，北京对台策略似乎也在不断调整... 解放军周日上午再次出动两架运八战机，从台湾南部防空识别区外，经巴士海峡向东北飞行，执行远航训练，穿越宫古海域期间，还有两架苏... 而除了“蓝金黄计划”之外，大陆军事理论家、空军少将乔良与国际关系学者、北京航空航天大学教授王湘穗也曾经提出所谓“超限战”概念... 李华球表示：“观察两岸关系，我觉得中共目前看起来战力兵力是足够的... , 樊冬宁
2017年8月14日,"
海峡论谈：美朝互相“放火” 台湾闲棋被激活？
",朝鲜半岛情势一触即发，美国总统川普与朝鲜最高领导人... 王维正也从国际关系的赛局理论(Game Theory)分析: “我觉得，现在虽然美朝双方互相叫阵，但叫阵牵涉到一个可信度的问题... 无效，或许也可以考虑是否让台湾重启核武，萨德入台以及重启核武这两件事基本上都对两岸关系造成巨大的震荡，当然希望战争不要打起来，但如果战争威胁真的迫在眉睫，会有很多想象不到的事情发生... , 樊冬宁
2017年8月13日,"
海峡论谈：北京对台“超限战” “蓝金黄”计划曝光？
",台海局势不断升温，北京对台策略似乎也在不断调整。 解放军周日上午再次出动两架运八电战机，从台湾南部防空识别区外，经巴士海峡向东北航行，执行远航训练，穿越宫古海域期间，还有两架苏30战机伴飞，这是8月以来，解放军军机第3度绕台。另一方面，台湾方面罕见地公布了日前举行政经兵推演习的画面，总统蔡英文与台湾的官员全部穿上迷彩服就备战位置，进行危机应变。与此同时，我们也注意到，新一波的网络爆料，扯到了台湾的政治人物，北京究竟是如何控制台湾蓝绿政治人物? 是否早已祭出超限战?而所谓的“蓝金黄计划”，真实性又是如何?台港澳三地政治与商业精英是否已被北京一网打尽?,
2017年8月12日,"

美学者：台湾应增加软实力应对中国梦
",海峡两岸关系趋于紧张的今天，台湾寻求增加自己的软实力，以民间外交的方式提升自己在国际舞台的竞争力。美国学者表示，美国对中国的态度趋于强硬，台湾应当利用这个契机增进美台合作。,
2017年8月12日,"
美学者：台湾应增加软实力应对中国梦
",海峡两岸关系趋于紧张的今天，台湾寻求增加自己的软实力，以民间外交的方式提升自己在国际舞台的竞争力... 台湾研究中心8月10日举办的一场扩大美台人才交流的座谈会中，乔治华盛顿大学国际关系教授罗伯特・萨特(Robert Sutter)表示，习近平近年来提出的中国梦意味着一个统一的中国... , 易林
2017年8月7日,"
海峡论谈：鹰与龙缠斗不休 台湾怎未雨绸缪？
",究竟在美中关系扑朔迷离，国际情势混沌不明，川普政府内部又面对多重挑战的情况之下，台湾是否应该重新检视，一旦中共武力犯台，美国一定会出手协防台湾，这样的假设和愿望，并积极应对两岸关系的现状，自立自强... 在北韩的问题上其实也可以看出，川普对两岸问题也是拿台湾做筹码来与中国博弈，如果没有办法推动中国解决北韩问题，便采取对台军售的策略... , 樊冬宁
2017年8月7日,"
海峡论谈：习近平文攻武吓 蔡英文以柔克刚？
",就是从总统府到... 其实好多学者担心蔡英文会像当年的陈水扁总统一样，甚至有人会提出蔡英文会不会成为新的两岸关系的恐怖分子... 在目前两岸关系的状态之下，针对国防部分，我认为台湾除了与美国进行更多的军事合作之外，台湾自己的国防部也需要很大的改革，要给台湾人有信心，觉得自己的国防部是可以做的这点的... 在台湾，要如何处理和形成自己内部的共识，有了这个基础，才能有办法应对两岸关系... , 樊冬宁
2017年8月6日,"
海峡论谈：鹰与龙缠斗不休 台湾怎未雨绸缪？
",中国军力不断跃进，习近平在解放军建军90周年之际举行朱日和大阅兵，是否有意藉此告诉全世界巨龙觉醒？胡锦涛的和平崛起，习近平不再时时挂嘴边，是否已经修正路线? 习近平的中国梦是不是强军梦? 他是否会对外发动战争以求保住政权?另一方面，中印边界对峙持续，朝鲜半岛情势紧张，美中贸易战一触即发; 但川普政府人事更迭频繁，白宫内部面临多重挑战，与台湾友好的白宫幕僚长蒲博思离任，改由美军陆战队退役四星上将凯利领军，此外，白宫国家安全顾问麦克马斯特与白宫亚太资深主任博明也都出身军旅，巩固了军权的习近平，对上身旁一票悍将的川普，美中关系是否无可避免走上冲突？,
2017年8月6日,"
海峡论谈：习近平文攻武吓 蔡英文以柔克刚？
",继中共辽宁号航母绕台演训与6架轰炸机双向对开之后，习近平在解放军建军90周年之际身穿迷彩服前往朱日和基地大阅兵，不但重申六个任何的强硬谈话，朱日和基地也再次出现模仿台湾总统府的建筑物；与此同时，台湾启动连续三天的政军兵推，根据台湾媒体报导，模拟演练的假想情况是解放军对台湾发动攻击，蔡英文总统的车队在紧急撤离的过程中遭遇潜伏的第五纵队突袭，蔡英文除了发表告全国同胞书之外，也在这场政军兵推中模拟与美军太平洋司令部对话，向美、日等盟求援。另一方面，台湾陆委会推出一支名为《两岸和为贵、有话好好讲》的动画短片。蔡英文能否以柔克刚？两岸紧张的气氛能否和缓？美国又扮演一个什么样的角色？,
2017年8月2日,"
时事大家谈：谁也别指望中国吞下苦果：习近平八一讲话剑指何方？
",习近平在庆祝中国人民解放军建军90周年发表讲话指出：“绝不允许任何人、任何组织、任何政党、在任何时候、以任何形式、把任何一块中国领土从中国分裂出去... 他警告说，谁都不要指望中国会吞下损害主权、安全... 蔡英文主政以来，两岸关系陷入僵局，尤其是蔡政府不肯接受九二共识... “被侵犯”的概念复新，以前都是在六七十年代冷战时期应用，跟中印边境可能有些关系，却应该能用外交手段解决... , 许波
2017年8月2日,"
习近平强调军队忠诚 凸显权力
",在上个周末举行大规模阅兵之后，中国星期二举行活动纪念中国人民解放军建军90周年... 最高领导人习近平发表讲话，重申军队坚定不移地忠于中... 在与印度的边境纠纷日渐升级之际，中国跟台湾的关系恶化... 以及中国军队进行的攻击实物大小的模拟（其中包括台湾总统府）目标的军演之后，台湾执政的民主进步党星期二表示，“任何恫吓性言论都只能使台湾人民疏远中国，对台湾海峡两岸的和平与稳定有害... , 黄丽玲
2017年8月1日,"
习近平阅兵威慑谁？
","中国举行大规模阅兵，习近平身穿迷彩服检阅万名将士... 他要求将士绝对忠于共产党... 他还说，解放军有能力打败一切来犯之敌... 对于中国这次庆祝解放军建军九十周年的大阅兵，海外众说纷纭... 今天媒体观察谈谈习近平阅兵到底要威慑何方... 媒体观察：习近平阅兵谁惊心
朱日和何方圣地
中国军队周日在内蒙古军事基地朱日和举行大规模阅兵活动... 这次解放军首次在其最大的军事基地... ", 海涛
2017年7月31日,"
海峡论谈：川普捧马云赞郭董 能创美中台三赢？
","川普一边捧马云，一面赞郭董，三位都是非常成功的商人，但大家也都听过一句话，那就是“商人无祖国”，这三位成功的商人，能否让国家再次伟大，又能否为美中台关系创造三赢... 马云还是在川普没有上任的时候,川普上任之后,郭台铭可以说是两岸华人的第一人... 至于两岸富豪郭台铭与马云，争相与美国总统川普见面，并承诺要为美国创造就业机会，马云的投资与郭董的投资有何不同意义... ", 樊冬宁
2017年7月31日,"
海峡论谈：美中台究竟是谁站在历史错误一边？
",中国驻美大使崔天凯日前在美国首都华盛顿... 崔天凯在华盛顿出席一个美中关系研讨会致词时表示，“一中原则”是美中关系的政治基础，在任何情况下都不该受到挑战；美中三公报制定处理台湾问题的原则，有义务遵守，但最近出现一些令人警觉的... 我相信台湾其实在两岸关系上一直强调的是和平发展，因为和平发展对双边都有利... 所以不管是对台政策，或者两岸关系也好，应该是得到两岸人民的支持认同... , 樊冬宁
2017年7月29日,"
中国轰六军机飞越频繁 美再促台海两岸沟通
","中国轰炸机近来在台湾周边活动频繁，台湾军方也随之... 中国轰六军机飞越频繁 美再促台海两岸沟通
中国解放军“轰六”军机近来数度在台湾海峡中线以西，穿越巴士海峡和宫古海峡在台湾南北部及东部空域绕行飞越，频繁的军事演训活动引来... 陆委会说，对台湾有针对性的军事作为及威胁“严重破坏两岸关系发展及区域情势稳定，威胁台湾人民生命财产安全，这绝非两岸和平稳定的常态... ", 锺辰芳
2017年7月27日,"
崔天凯称美对台军售、恢复军事关系是挑衅
","近来华盛顿一连串包括军售、国防授权法等加强... 台湾政治大学国际关系研究中心研究员刘复国 (美国之音钟辰芳拍摄)
??对于美国国会一些友台作为，到华盛顿参加研讨会的台湾政治大学国际关系研究中心研究员刘复国受访时说，从以往经验来看，过去美国国会也曾多次通过支持美台军事交流的法案，但五角大楼都会出于考量美中关系的氛围，或不愿挑动美中关系的敏感神经而没有执行... ", 锺辰芳
2017年7月24日,"
海峡论谈：战机绕台＋内线反蔡 中共提前2018武统台湾?
",中共解放军上周出动8架轰炸机绕台演训，日本航空... 谢启宇上校强调，最重要的就是要谨慎的处理好两岸关系，在军事上避免“擦枪走火”，在政治上尤其不应该“引火自焚... 不过谢启宇认为，话说回来，大家宁愿相信这位美联社的前驻台记者，应该是基于他个人对两岸情势的了解与长期的观察，发现目前两岸军事实力的消长与失衡、以及政治上的从冷和已几乎要成为冷战的不利情势，已经让他嗅出了浓浓... , 樊冬宁
