字段1_文本,字段3
“习拜会”对中美关系意味着什么,在习近平和拜登礼节性对话的表面下，大量分歧仍然难解。会后未发表联合公报，也未达成任何协议。会晤基调表明拜登政府仍将中国视为其最大地缘政治挑战。
重启中美关系,奥巴马与习近平应利用这次会晤消除彼此的疑心，坦率讨论气候变化、恐怖主义、朝鲜核武、双边投资及军事合作，就两国的全球责任与影响力达成共识。
新国安法将如何影响中美关系？,北京的立法计划在美国国会引发愤怒和更多制裁呼吁，可能对早已陷入困境的中美关系造成更大损害。特朗普也可能被迫就是否要维持他与习近平的友好关系做出艰难决定。
拜登时代中美关系恐难获根本性改善,预计拜登政府会改变特朗普的尖锐言辞，但不太可能会很快改变对抗性政策。没有中国的重大让步，紧张关系将持续下去，甚至可能在技术和人权等问题上升级。
习近平为中美关系加入个人色彩,美国国务卿及财长本周访华，并举行中美战略与经济对话。中美所抱预期都不高，最有希望的似是一项双边投资协定。习近平对重大问题亲自拍板，为中美关系带来新变数。
新冠疫情对中美关系有何影响？,鹰派主导了华盛顿的对话，批评北京在处理疫情时缺乏公开透明，呼吁与中国更彻底地决裂。虽然特朗普仍在赞扬习近平，但两国间的不信任与分歧已日益加剧。
简报：拜登对台政策前瞻；傅莹在时报刊文谈中美关系,教宗方济各指新疆维吾尔人“受迫害”，遭中国抗议；特朗普政府考虑对中国施加更多限制；拜登团队开启过渡程序，美股飙至新高……这里是今日要闻。
习近平将访问朝鲜，中美关系走向耐人寻味,这是中国领导人14年来首次出访朝鲜，随后习近平可能在G20峰会与特朗普会面。通过此次访问，习近平预计将介入美朝谈判，可能导致他与特朗普关系紧张。
中美关系恶化危及全球对抗气候变化,在气候灾难风险上升之时，中美这两个世界上最大的碳排放国陷入了强烈的互相怀疑，可能阻碍全球应对气候变化的行动。中国是否会保持减排雄心成为未来关键问题。
美国前财长：即使达成贸易协议，中美关系可能只会更糟,保尔森警告说，两国之间的敌意已将军事视角和思想并入经济政策，并正在以国家安全的名义制造技术标准上的分裂。他还强调了中国抛售美国国债的可能性和后果。
从“尊敬”到“病态扭曲”：新冠疫情如何重创中美关系,围绕大流行应对的冲突和互相指责，正在贸易、科技、间谍活动等领域引发更多紧张和对立。随着特朗普把与北京的竞争作为竞选连任的主题，中美争端可能加剧。
李克强谈中美关系，释放乐观信号,李克强的表态似乎在为习近平和特朗普的首次会晤奠定乐观基调。他认为双方能够克服贸易、货币政策、东亚局势等方面的分歧，同时强调“一中”政策是两国关系的政治基础。
特朗普致信习近平：期待建设性中美关系,信的日期是周三，特朗普向中国人表达了农历新年祝福，被认为是白宫发出的又一善意信号。特朗普及其团队此前有关中国的言论曾使人担心中美将爆发冲突。
特朗普给中美关系注入高风险,特朗普退出奥巴马主导的太平洋贸易协定，这固然给中国带来机遇，但也意味着特朗普可能在其他针对中国的问题上说到做到，增加中美发生摩擦的可能性。
个性迥异的习近平和特朗普，让中美关系更难预测,特朗普喧闹、喜欢即兴发挥，习近平则有城府、言行谨慎。潜航器事件已经让人初步看到，两人对比鲜明的迥异风格将给中美关系注入新的不可预测性。
北京的“捐赠外交”加剧中美关系紧张,危机期间两国仍在争夺全球领导角色。中国出台了新的医疗物资出口监管规定，导致发货意外延迟。一些美国官员则不愿接受捐赠，担心这将有助于中共的宣传。
骆家辉卸任讲话兼顾中美关系喜忧,周二，骆家辉在新闻发布会上赞扬了中美不断加强的经济联系，也称中国亟待提高政府透明度，自由表达的权利及改善人权状况。同时，他呼吁两国联手治理雾霾。
中国官媒评美国信息监控事件，称或损及中美关系,经过几天的沉默，中国官媒开始小心地评论美国政府被曝秘密监控网络和电话信息一事。事件的核心人物斯诺登现身香港，也可能为中美关系增加变数。
Facebook对防火长城，中美关系的挑战,中美借“习奥会”向世界传达了希望积极合作的信号。然而令这两个大国难以相互信任并合作的，不是经济、安全，也不是黑客问题。制度的差异会继续带来不安感，在中国尤其如此。中美真能超越意识形态成为伙伴吗？
费城交响乐团，中美关系的一个注脚,就在习近平访美的前一天，费城交响乐团开启了他们访华40周年的纪念活动。这个肩负着中美关系外交使命的乐团，如今与中国最密切的联系是商业利益。
彭斯谈中美关系，批评美国公司为利益向中国屈服,彭斯称，美国公司在与中国做生意时应坚持美国价值观，而不是压制支持民主自由的言论。但他也就贸易谈判发出积极信号，表示美国不寻求与中国经济“脱钩”。
简报：拜登如何影响中美关系；辉瑞称疫苗有效性达九成,美国国防部长被解雇；上海浦东机场一货运工人确诊新冠；世界卫生大会在线召开，台湾未获邀；违规使用学生工，和硕被苹果暂停合作……这里是今日要闻。
简报：聚焦中国非洲猪瘟疫情；华人“川粉”谈中美关系,ISIS宣称对斯里兰卡连环爆炸案负责；新西兰向清真寺枪击案受害者提供永居签证；谷歌员工称因参与组织罢工遭公司报复……NYT简报带你速览今日要闻。
中美关系急剧恶化，美国驻华大使布兰斯塔德卸任,布兰斯塔德曾两度出任爱荷华州州长，是特朗普2016年竞选早期重要的支持者。他曾希望利用与习近平的私人关系推进两国关系，但其任期内中美紧张不断加剧。
美国卫生部长将访台，恐致中美关系进一步恶化,阿扎将是1979年美台断交以来访台级别最高的美国官员。美方在声明中赞扬了台湾的抗疫成果，并表示愿意加强美台合作。此举很可能会进一步加剧中美关系恶化。
早报：中美关系继续恶化；多国再遭网络攻击,美国务院将中国列为世界上贩卖人口问题最严重的国家；习近平将访港，安保严密；李克强宣扬自由贸易；欧盟对谷歌处以27亿美元罚款……新闻早报带你速览今日要闻。
中国问题专家呼吁特朗普认真对待中美关系,一个跨党派专家小组发布报告，呼吁特朗普确立更有效的对华战略。报告认为，美国应坚定应对中国挑战的决心，也反对特朗普抛弃“一个中国”等基本原则。
特朗普煽风，中美关系摇摇欲坠？（漫画）,特朗普多次就中美贸易发表针对中国的言论，引发中国官媒批评。他的煽风点火让原本就因为南海争端等陷入低谷的中美关系愈发摇摇欲坠？
跟随美国前驻华大使拍摄中美关系纪录片,凡妮莎·霍普的纪录片《眼观六路，耳听八方》透过美国前驻华大使洪博培的视角观察复杂多变的中美关系。陈光诚也出现在片中。
拜登与习近平视频会晤在即，会谈内容受关注,中国外交部表示，双方将“就中美关系和双方共同关心的问题交换意见”，但未提供其他细节。当前中美两国因贸易、网络威胁、台湾和人权等问题关系紧张。
拜登正式提名前驻北约大使伯恩斯任驻华大使,伯恩斯是一名资深外交官，在中美意识形态冲突加剧、关系恶化之际，他将面临填补两国外交真空的艰巨任务。此外，拜登还提名奥巴马首任幕僚长出任驻日大使。
拜登在中国问题上想两全其美，他错了,拜登政府的策略是与中国既竞争又合作，但白宫并没有把合作放在首位。然而，只有通过更深入的合作，美国才能解决对美国人最大的威胁。
拜登与习近平通电话，打破美中外交僵局,这是拜登就职以来两人第二次对话。拜登对中国的网络活动表示关切，并提出两人应搁置分歧，在气候变化方面合作；习近平则指白宫政策是导致美中关系紧张的源头。
聚焦中美元首视频峰会：习近平和拜登谈了些什么,会谈共进行了三个多小时。习近平称拜登为“老朋友”，呼吁双方相互尊重。双方还谈及人权、台湾和贸易问题。两国领导人承诺加强合作，但没有取得重大突破。
华尔街银行终于进入中国，但这能维持多久？,从花旗银行、摩根大通到高盛，华尔街机构纷纷获准在中国独立开设业务。中国希望借此将更多外国投资者引入中国。但中国的房市危机、地缘政治等问题也构成重大风险。
赴美留学人数回升至疫前水平，中国学生占比近半,今年5月和6月，美国批准了11.7万份F-1学生签证，其中有5.7万份发放给了中国学生。此前学生签证是中美争端的焦点问题之一，中国当局曾就STEM学科学生被拒签谴责美国。
美中正在进入一场新冷战吗？,白宫已竭力避免新旧冷战的比较，拜登政府的策略更接近于竞争共存。但中美都在寻求权力和影响力，并相互遏制，有理由担心如今发生冲突的可能性高于以往。
中国驻美大使秦刚抵美履新，曾积极反对西方批评,秦刚曾积极反对西方批评，这一任命表明北京正为中美关系持续紧张做准备。秦刚行事风格相比“战狼”外交官较为温和，但他为强硬反击西方树立了早期榜样。
中美高官会谈激烈交锋，美国对华战略或难奏效,北京猛烈批评美国对华政策，称美国试图“全方位遏制中国”，没有公开作出任何让步。中国国内已对美国形成的愤怒情绪，美国对华战略取得成效的可能性减弱。
中国处理孟晚舟案的强硬策略：外国公民成谈判筹码,孟晚舟获释几乎同时，两名被中国拘捕的加拿大人被释放回国。专家表示，这场交换是对其他国家的一种警告，加强了今后中国在类似谈判中讨价还价的优势。
孟晚舟与美国达成协议获释，中国释放两名加拿大人,美国司法部与孟晚舟达成协议，推迟并将最终撤销对她的指控。加拿大媒体报道称她已乘私人飞机离境。加拿大总理宣布被中国关押的两名加拿大公民已获释。
台湾成中美矛盾核心问题：摩擦“起火”并不遥远？,中国的军事力量已使武统成为可能，美国愿在多大程度上支持台湾仍存疑。三方都试图表现出避免战争的决心却适得其反。这加深了不信任，也增加了误判的风险。
被中国拘留两年后，两名加拿大人仍命运难料,康明凯和斯帕沃尔已经成为北京强势外交政策后果的象征。一些加拿大官员和专家寄望于拜登入主白宫后改善中美关系，为两人的释放铺平道路；其他人则没有这么乐观。
中国警告美国：双边关系紧张或影响气候合作,美国气候特使克里访华，在为年底的格拉斯哥气候峰会做准备。中国外长王毅就双边关系和合作前景发表强硬言论。气候变化有促使两国合作的可能，也可能成为另一个纷争点。
滴滴遭整改背后，中国政府发出了什么信号？,这场监管战的最新战线是隐私和网络安全。当局发出明确信息：即使企业在全球运营海外上市，政府仍有权管它们。这也凸显了国际投资者投资中国企业的风险。
NBA恐难逃新疆棉争议：球员如何处理中国品牌代言,多名球员代言支持新疆棉的李宁和安踏等中国品牌，这很可能会让联盟及球员陷入地缘政治风暴。继“挺港”事件后，中美关系、人权和商业再次在篮球场上相遇。
拜登的对台政策鲁莽而危险,他的做法是在推翻一个40多年来让美国、台湾和世界获益的外交假象。美国和台湾越是正式关闭统一的大门，北京就越有可能寻求武力统一。
拜登上台后，中美“媒体战”能否走出阴影？,被特朗普政府驱逐后，中国记者多保持了沉默。但随着两国交流空间持续缩小，作者开始公开讲述这次危机，并呼吁中美向对方媒体重新开放。
“西天懂佛特朗普”雕塑：中国对特朗普的文化痴迷,中国一家公司铸造了一尊特朗普“佛像”，他双腿盘坐，神态平静。创作者称，特朗普爱争吵，这是与他性格相反的形象。这座雕塑折射出许多中国人对特朗普的痴迷。
从香港、东非到加州：我家的全球疫苗接种故事,我的家人遍布三大洲。在全球疫苗地缘政治游戏的支配下，一家人等待接种的过程成为了各种作用力影响的缩影。从香港、东非到美国，谁能先得到接种？又能接种哪种疫苗？
特朗普离任前“挖坑”，拜登面临对华政策难题,特朗普政府的举动可能强行改变拜登中国议程的优先级，使后者不得不在人权等问题上保持对中国的战斗姿态，同时寻找合作领域，稳定中美关系的计划将复杂化。
中美高层对话前夕，美国就香港问题制裁24名中共官员,美国务卿称此轮制裁针对的是中国改革香港选举的行为，中国回应称美国“干涉中国内政”。拜登政府选择在中美外交高官会晤前夕采取行动，为会谈定下了对抗性基调。
处在十字路口，国民党能否“现代化”？,国民党被许多台湾人认为“守旧”，与大陆保持良好关系的做法也被视为危险。新领导人希望通过支持民主价值观和人权、拉开与北京的距离等做法实现改革。
中国可能会是拜登的噩梦,与和中国打交道相比，华盛顿的党派之争只是小菜一碟。拜登需要在约束习近平各种侵犯人权行为的同时，与中国展开合作，降低战争风险。
简报：上海等多地疫情反弹；中国未兑现美中贸易协议承诺,拜登推出“全面、战时”新冠政策；欧洲多国升级口罩规定；麦康奈尔希望推迟特朗普的二次弹劾审判；俄罗斯威胁打击美资新闻机构……这里是今日要闻。
五名逃离香港的抗议者在美国寻求庇护,新国安法实施以来，活动人士陆续逃离香港。这五名年轻抗议者去年7月乘船逃往台湾，被关押在军事基地数月后抵美。这可能会加剧中美紧张，给拜登政府带来了挑战。
中国经济走势强劲，人民币汇率水涨船高,全球其他地方经济遭到疫情重创，中国成为罕见亮点，人民币汇率也随之走高，接近两年半以来的最高水平。对即将上任的拜登政府而言，这消除了一个潜在问题。
中国出台新规反制美国对中企限制,新规将惩罚那些遵守华盛顿在对华业务往来上严格限制的跨国公司，还可能向即将上任的拜登政府发出信号，后者必须就是否保留特朗普对中国企业施加的限制作出抉择。
中美构建合作–竞争关系是可能的,中国外交部前副部长傅莹谈世界两个主要大国未来发展关系面临的问题和解决的思路，指出中美有可能通过解决彼此关切来发展“竞合”关系。
拜登对华政策难题：如何在合作与对抗间取得平衡？,拜登接手的中美关系将是一大挑战。拜登团队希望采取比特朗普更聪明的做法，在疫情和气候变化等问题上合作，同时在技术、军事和人权问题上进行竞争和对抗。
中国对美政策的困境：如何保持强硬但避免“分手”,在被要求关闭休斯敦领馆之后，北京正试图在不危及经济和招致进一步孤立的情况下作出回应。但面对特朗普政府的广泛攻击，北京的选择有限且内部有明显分歧。
美国新一代中餐厅的深层危机,最近几年，一批对美国中餐厅里的“左宗鸡”、“芥兰牛”忍无可忍的老饕试图抢下中餐叙事的话语权。但因疫情下恶化的中美关系，理想的丰满难敌现实的骨感，逆转尚需时日。
简报：拜登在关键州选情占优；中国在美记者陷入困境,拜登在关键州选情看涨，特朗普称有阴谋阻碍他连任；中美关系恶化，中国在美记者进退两难；中国禁止更多国际旅客入境；朝鲜展开禁烟运动……这里是今日要闻。
香港经济将更融入和依赖中国，这意味着什么？,与中国的融合、贸易模式的转变和中美关系恶化可能会重塑香港的商业环境。有人担心这样的香港将失去国际吸引力，但也有人认为，与内地建立更紧密的关系将带来机遇。
为什么许多台湾人与特朗普和美国站在一起？,民调发现台湾人更支持特朗普，北京的频繁军演似乎并未达到震慑效果，国民党检讨两岸关系回应民意。美国大选前夕，台湾人究竟怎么看美中台“三角关系”？
拜登的对华政策会如何变,作者认为，特朗普的对华政策虽然看起来“爽”，但北京应该已经适应了他这种行事风格，相较而言，拜登有可能是个更难对付的对手。
简报：中国驻美使馆转发特朗普不实推文；图说2020年,美国FDA顾问小组为辉瑞疫苗开绿灯；新加坡邮轮病例闹乌龙；Airbnb成为年度最大IPO；拜登之子亨特披露自己遭到税务调查……这里是今日要闻。
简报：美国制裁令引发中方抗议；英国启动新冠疫苗接种,中国与尼泊尔共同宣布珠峰新高度；高盛寻求买断在华合资企业，实现全资控股；香港晚间堂食、健身房等再度关闭；科学家警告北极变暖……这里是今日要闻。
中国升级对美台政治宣传，给台湾问题“划红线”,充斥军事语言和战争画面的政治宣传伴随一系列军事演习出现，其好战的腔调反映出习近平的强硬立场。中美关系恶化之际，这种宣传可能变成更具挑衅性的行动。
拜登，中国的“老朋友”还是未来敌人？,中国的分析人士认为，相比特朗普，拜登当选后可能在人权等问题上表现得更有原则、更强硬，并在对抗中国的全球议程上寻求更一以贯之的战略，给北京带来更大挑战。
中美走向新冷战：意识形态冲突加剧，对抗升级,中美关系越来越充满不信任和敌意，双方在技术、领土主权和影响力上的冲突为一场将具有许多冷战特点的危险对抗打下基础。世界正再次以意识形态划分阵营。
四面楚歌的留美学生，能指望大选吗,随着中美关系恶化，很多留学生希望换总统能改变当前困境，尽管他们对最终结果未必乐观。作者建议，在满足自我需求的同时规划多种出路。
习近平提“双循环”战略：经济重心向内转,习近平的新战略需要国内人民花更多钱、企业进行更多创新，以减少对外国经济的依赖，在动荡时代保持增长。分析认为，这项政策与中美关系恶化有很大关系。
“猎狐行动”受挫：美国指控八人密谋骚扰中国异见者,司法部指控这八人代表中国密谋对在美政治异见人士和逃犯施压，对他们及其家人进行跟踪、调查和威胁，要求他们回国受审。这对习近平发起的“猎狐行动”是一次重大打击。
在崩塌的地缘政治中，我被迫离开中国,中美关系的恶化，对我们这些夹在中间的人来说意味着现实生活的冲击，但真正的损害是长期的。学术交流、旅游、调查报道都难以恢复。
美国副国务卿访问台湾，北京愤怒回应,基思·克拉奇赴台参加李登辉追悼会，并将与蔡英文会面。这是特朗普政府拒绝北京威胁、加强对台湾支持的最新动作。中国外交部指责克拉奇的访问破坏中美关系。
美国务卿宣布放宽美台官员往来限制,分析认为，鉴于本届政府即将结束，这可能不会产生什么实际影响，更像是特朗普在设法强化政治遗产。拜登团队表示将坚持一个中国政策，同时强有力支持台湾。
简报：拜登面临对华政策难题；莫德纳疫苗有效性达94.5%,英国外交官在重庆救落水女子获赞誉；日本经济反弹；奥巴马新回忆录面世；英国首相再次自我隔离；中国买家拍得史上最昂贵鸽子……这里是今日要闻。
特朗普禁止美国人投资有军方背景的中国公司,禁令涉及华为、中移动和海康威视等31家中企，禁止美国人购买这些企业的股票或投资相关基金。特朗普称，此类投资是在为中国的军事野心输送资金，对国家安全构成风险。
百人会首任会长、中美“文化外交官”杨雪兰去世,"杨雪兰曾任通用汽车副总裁，领导该公司在中国和亚洲扩张。她与马友友、贝聿铭等共同创立了百人会，任首任会长。后来她致力于在中国推动西方古典音乐，扩大文化交流。
"
拜登当选，中国官媒作何反应？,中国官方媒体对拜登当选表达了谨慎乐观，称希望拜登能稳定中美迅速恶化的关系，但与此同时，媒体也对两国的未来关系紧张发出警告，并暗示美国的民主正在衰落。
《邓小平时代》作者傅高义去世：帮助世界理解中日崛起,傅高义关于中国和日本现代政治和社会的著作，帮助塑造了世界对这两个亚洲大国崛起的理解。中国政治光谱两端的人物均对傅高义逝世的消息表示了哀悼，可见他影响之深远。
中国缓和民族主义论调，呼吁与美国休战,随着特朗普加剧攻击北京，中国开始缓和措辞以避免局势失控。不过，中方仍在推行强硬议程。分析认为，除非北京作出实质性让步，否则美国不太可能停火。
疫情一周年，中国留学生的美国梦还在吗,七位留美的中国学生中，有人因种种困难而在美国“黑”了下来，有人则为了追求创业机会在危机中飞回美国。不管各自是什么处境，他们对两国和自己未来的想法都变了许多。
“刀刃向内”：习近平对政法系统进行“整风”,包括上海公安局长在内，已有21名政法干部接受调查。随着习近平为两年后的换届做准备、中美关系持续恶化，这场毛式运动正在成为他巩固权力的有力工具。
简报：中国与亚太14国签订区域自贸协议；拉姆之死背后,中国祝贺拜登胜选；美国新冠病例超过1100万；香港对高危人群强制检测；SpaceX成功发射载人飞船；昂山素季国际声望为何陨落……这里是今日要闻。
特朗普限制TikTok背后的中国逻辑,特朗普的行政命令与网络安全无关，而是在中美关系紧张情况下的报复性攻击。这一举动促进了一种本质上是中国式的互联网安全观。
简报：拜登筹备权力交接，中国或成其头号外交挑战,特朗普仍未承认败选；多国领导人祝贺拜登胜选，习近平尚未表态；美国新冠确诊病例破千万大关；英国女王首次在公开场合佩戴口罩……这里是今日要闻。
中国在欧洲形象持续恶化，习近平遇挑战,从贸易到人权，欧洲各国对中国的不满和愤怒日益增加，新冠疫情和香港国安法加剧了这种情绪。这种转变可能会阻碍中国经济复苏，甚至可能打击习近平领导世界的雄心。
这场中美新冷战是如何酝酿爆发的,中美关系已降至自两国外交正常化以来的最严峻水平。在特朗普政府治下，中美在国防、贸易、科技和人权等领域的行动与报复迅速升级。过去几年来发生了什么？
简报：“义乌指数”和美国大选；法德再次实施严格限制措施,美国指控八人密谋骚扰中国异见者；中国同性恋者的困境；美国在马尔代夫设立使馆；波兰女性大罢工；将地道中餐带到美国的江孙芸逝世……这里是今日要闻。
美国大选谁将是赢家？“义乌指数”再次指向特朗普,尽管并不科学，但“义乌指数”曾成功预测特朗普胜选。今年，尽管特朗普在民调中落后，但工厂老板们说，他的竞选商品在义乌卖得火热，而拜登商品的大宗订单几乎没有。
中国与伊朗拟深化贸易军事合作，挑战美国,根据拟达成的协议，中国将在25年内对伊朗投资4千亿美元，换取低价石油供应。此举将扩大中国在中东的影响力，破坏美国对伊制裁，进一步损害中美关系。
简报：庞皮欧称美国对华模式失败；任志强被开除党籍,大疆无人机曝安全漏洞；字节跳动据信考虑出售TikTok多数股权；美国新冠确诊病例超过400万；谭德塞驳斥被中国“收买”论……这里是今日要闻。
拜登会延续特朗普的对台政策吗？,特朗普将与台湾建立更紧密关系作为与中国抗衡的一个关键部分。拜登上任后将面临两党压力，很可能会延续这条道路，但不会像特朗普那样具有对抗性。
简报：联合国大会中美交锋；兰州要求出租车司机清除文身,习近平承诺中国将在2060年前实现“碳中和”；脸书称来自中国的虚假页面试图干预美国大选；美国大法官提名之争特朗普赢得关键支持……这里是今日要闻。
中国在南海军演：试射中程导弹，宣示主权,中美紧张加剧之际，中国向南海争议水域发射了一系列中程导弹，以展示战略主导地位和主权。美国批评军演破坏南海非军事化承诺，中方称演习不针对任何国家。
简报：TikTok交易再生变；纽约警察被控充当中国间谍,特朗普要求字节跳动完全交出控制权；特朗普称或于周六宣布大法官提名人；全球因新冠死亡人数接近100万，至少73个国家疫情复燃……这里是今日要闻。
简报：TikTok与甲骨文协议待审查；美国驻华大使将离任,美国对新疆涉强迫劳动产品下达禁令；菅义伟将出任日本首相；俄罗斯反对派领袖纳瓦尔尼苏醒后计划回国；科学家发现金星存在生命的可能……这里是今日要闻。
中美对峙中，我们这种讨人嫌的骑墙派,随着反华情绪在美国的蔓延，民族主义情绪在中国的日渐高涨，在对峙的大时代里，留美华人中的骑墙派，还会有一条中间路线可走吗？
简报：习近平提经济重心转向国内；美国拟出台新疆棉禁令,亚马逊禁止用户向美国销售外国种子；中国称新疆本轮疫情确诊患者清零；白俄罗斯知名抗议领袖失踪；俄反对派领袖纳瓦尔尼脱离昏迷……这里是今日要闻。
拜登胜选后，世界“如释重负”,从欧洲和中东到亚洲和拉美，拜登获胜的消息引发了极大反响，外国领导人纷纷向他表示祝贺。领导人们认为拜登将把全球秩序带回常态，但并非所有人都欢迎这一结果。
特朗普政府就南海问题制裁24家中国公司,这些公司被指在南海帮助中国建造人工岛。被列入禁止购买美国产品名单的公司包括中国交建，该公司是许多“一带一路”项目的承包方。一些公司的高管还将面临签证限制。
中国要求美国关闭驻成都总领事馆,这一反制措施是中美关系不断恶化的又一个转折点，也可能是迄今为止最严重的一次。关闭外交使团使两国分歧继续加深。庞皮欧此前发表讲话否决了与中国接触的旧模式。
美中走向新对抗时代，双边关系恐难逆转,特朗普政府对中国的攻击源于竞选战略，但美国鹰派的最终目标是建立不可逆转的对抗性对华政策，无论明年谁来领导美国。习近平的威权主义做法加剧了冲突。
美国推动大规模对台军售，包括远程空对地导弹,如果获批，这批价值数十亿美元的武器将成为近年来最大规模的对台武器转移。华盛顿加强了对台湾的支持以制衡中国；特朗普也希望在大选前树立对华强硬形象。
特朗普签署涉港制裁法案，中国誓言报复,这项法案为制裁被认定为破坏香港半自治地位的官员和企业扫清了道路。特朗普还正式颁布行政命令，取消香港特惠贸易地位。中美在多个领域关系急剧恶化，展开互相惩罚。
华裔小提琴家否认社交媒体言论“辱华”，提起诉讼,蒋逸文曾是上海四重奏的小提琴手，也是中共批评者。他在社交媒体上以“猪”的表情符指代中国人引发争议，失去乐团席位和教职。如今他发起诉讼，称自己的言论被故意歪曲。
北京延长本届香港立法会任期，未将反对派议员除名,尽管四名民主派议员已被禁止寻求连任，但他们来年可能留在立法会。这表明北京希望避免引发更大的公众愤怒。此前港府已决定将立法会选举推迟一年。
简报：香港高调打击异见人士；黎巴嫩政府集体辞职,中国对11名美国人实施制裁；美国卫生部长访台赞扬台湾民主；白宫外发生枪击事件，特朗普被紧急带离简报室；麦当劳起诉前CEO……这里是今日要闻。
与中国划清界线——美国华人当中的新“切割派”,在中美剑拔弩张的情况下，一些华人选择疏离中国甚至划清界线。有人拿古巴移民为例，赞成脱钩，也有人认为，种族主义并不会因此减少。
新冠疫情下中美贸易协议命运存疑,尽管中美官员发表声明称协议正在得到履行，但特朗普批评中国未遵守协议，对其未来表示怀疑。疫情导致中国难以实现采购目标，中美关系也在进一步恶化。
简报：谁将中美推向全面对抗；朝鲜首度披露疑似病例,美国农业官员对来自中国的种子包裹发出警告；越南百日零新增记录被打破；巴西总统称自己感染新冠后已痊愈；澳洲报告单日最高死亡人数……这里是今日要闻。
双边关系紧张之际，中美官员讨论贸易协定进展,在特朗普指责中国控制新冠疫情不力的背景下，此次对话意义重大。会谈后双方均释放乐观信号。专家认为，现阶段维持这项协议及商业往来对两国都有益处。
简报：长江流域洪水肆虐；字节跳动宣布将起诉美国政府,中共推“光盘行动”向浪费粮食宣战；中国走向“后疫情时代”；美国FDA授权使用康复者血浆治疗；俄著名反对派领袖被转往德国救治……这里是今日要闻。
12名乘船逃亡台湾的香港人预计将在大陆受审,北京当局拒绝将他们保释，在未提出指控的情况下一直将他们关押在拘留所，也不让他们与亲属指定的维权律师见面。家属担忧他们可能在大陆不透明的司法体系里遭受刑讯。
简报：中国用维吾尔劳工生产口罩；肖建华金融帝国陨落,肖建华金融帝国陨落；复盘中印喜马拉雅之争；；香港单日新增病例过百；“希望号”火星探测器发射升空；美国民权运动先驱刘易斯逝世……这里是今日要闻。
美国遏制中共的战略窗口期究竟有多长,以中国今天的实力，作者认为，未来五年对美国遏制中共非常关键。但如何在升级围堵中和不给美国造成大麻烦之间平衡，也是一个棘手问题。
简报：特朗普政府撤回留学生签证新规；英国宣布禁用华为,特朗普攻击拜登对华政策；《纽约时报》将把部分香港业务迁至首尔；佛州单日新冠死亡人数再破纪录；美国17年来首次执行联邦死刑……这里是今日要闻。
2020年，中国还会出现“灰犀牛”事件吗,难看的经济形势，被选情左右的中美贸易谈判，何去何从的香港抗议，和平统一似乎越来越渺茫的两岸关系……2020年，灰犀牛蹲在哪里？
简报：香港卷入中美网络自由战；美国宣告正式退出WHO,美国务院对与西藏出入限制有关的中国官员实施入境限制；世卫组织专家将前往中国展开疫情溯源调查；巴西总统新冠病毒检测呈阳性……这里是今日要闻。
拜登还是特朗普，华裔投给谁,或者因为子女的教育机会，或者因为大流行之后的种族歧视现象增加，美国的华裔选民因为关注点的不同，对特朗普和拜登各有好感。几位来自不同州的华裔给出了他们的理由。
中国为什么通缉我这样的美国公民,我是被香港当局以违反国安法为由通缉的六个人之一，即使我是美国公民。这部法律令任何国家任何为香港发声的公民都可能成为打击目标。
台湾铜锣湾书店，一座“自由社会的灯塔”,香港书商林荣基在台北重开铜锣湾书店，这里迅速成为台湾活跃民主的象征，以及讨论两岸关系与台湾未来的集会场所。但书店的选书和林荣基的政治难民身份也引发了争议。
拜登与中国的40年：从支持中国崛起到对华强硬,拜登与中国的接触始于1979年，他曾经支持中国在全球一体化中崛起，希望用国际准则改变中国。但如今，他谴责习近平为“暴徒”，视中国为一个首要战略挑战。
简报：聚焦贝鲁特大爆炸；美国卫生部长计划率团访问台湾,全球新冠相关死亡病例超70万；阿富汗称该国三分之一人口已感染并康复；耶鲁学生因在线课程学费问题诉校方；日本纪念广岛核爆75周年……这里是今日要闻。
特朗普与蔡英文通话，打破1979年以来外交惯例,特朗普周五与台湾总统蔡英文通话，他是自1979年以来，第一位与台湾领导人通话的美国总统或候任总统。此举可能造成美国与中国之间的重大分歧。
简报：香港民众街头抗议新国安法；美新冠逝者接近10万,美高级官员威胁就北京推进新国安法实施制裁；武汉病毒所所长否认病毒起源阴谋论；美国针对巴西出台旅行禁令；金正恩时隔三周再露面……这里是今日要闻。
简报：香港民主派初选抗议领袖获支持；中国回击美国制裁,美国挑战中国在南海主张；美17州就留学生签证新规起诉特朗普政府；香港宣布新限制措施应对新一波疫情；中国警方通报贵州公交坠湖案……这里是今日要闻。
美国外交元老谈香港：中美双方都自以为是,资深外交人士傅立民认为，维持“一国两制”的香港符合美国利益，但一些官员需明白沉默是金的道理。对中国来说，面对NBA等事件，宽宏大量比敏感多疑带来的好处更大。
美国全面加强与台湾关系，反制中国,为谋求连任，特朗普的对华政策不得不转向强硬，亲台湾的美国官员看到了机会。他们力求提升美台关系，加强台湾的国际地位，以推动与中国的长远竞争及对抗。
“还得中共去收拾烂摊子”：习近平强硬政策背后的智囊团,长期以来，中共培养大批学者捍卫并打磨其议程。这些人有时被称为“国家主义者”，他们是党的拥护者，甚至成为官方顾问，助推香港国安法这类强硬政策。
中美暂时“停火”，寻求合作抗疫、重振经济,就疫情暴发问题争吵数周后，中美同意停止在病毒问题上公开向对方开火，并寻求合作已减缓传染速度、重振全球经济。但休战仅限于与新冠病毒有关的行动。
中美紧张态势升级，为何贸易协议却能保持稳定？,美中在贸易方面曾长期存在争议，但随着两国关系激化，1月签订的贸易协议却显得意外牢固。分析认为，其政治因素大于外交因素，双方似乎都认为现在毁约得不偿失。
简报：北京谴责香港人权法案；“新疆文件”说明什么,美国前财长保尔森谈中美关系；以色列总理内塔尼亚胡被起诉；英国王室百年丑闻；白宫前官员称乌克兰干预2016年大选是“虚构叙事”……NYT简报带你速览今日要闻。
特朗普取消香港特殊待遇在港引发多重反应,一些亲民主人士对此举表示支持；亲北京官员则强调香港将与大陆建立更紧密联系；也有许多人担心香港的经济会雪上加霜，而且这座城市会成为中美竞争的间接牺牲品。
特朗普政府考虑对中共党员全面实施旅行禁令,起草中的总统公告还可能授权政府撤销在美中共党员及其家属的签证。此举几乎肯定会招致中国报复，并加剧两国紧张关系。特朗普是否接受该计划仍属未知。
特朗普政府对中共的战略误判,特朗普政府对华遏制政策的前提和假设，是否真如华盛顿鹰派认为的那样，作者提出了疑问。他认为华盛顿恐怕存在误判。
中国启动宣传机器为新国安法辩护,官媒将这项立法描述为维护中共统治的必要手段，称香港抗议者与外国势力勾结，企图推翻政府。中国评论人士还将矛头对准美国，国内新闻则继续屏蔽不同声音。
简报：中国驻以色列大使死亡；吉林辽宁超8千人被隔离,美国加强对华为限制；武汉病毒所石正丽发表研究；北京建议公众在户外可不戴口罩；日本经济陷入衰退；奥巴马批特朗普政府抗疫不力……这里是今日要闻。
简报：武汉一小区六人确诊；记者提问特朗普称“去问中国”,美国指中国黑客窃取疫苗数据；上海迪士尼乐园重新开放；白宫要求员工佩戴口罩，不包括特朗普；俄罗斯结束“非工作时期”……NYT简报带你速览今日要闻。
时报档案：冀朝铸，“毛泽东右手边的人”,2012年，已经退休的翻译家冀朝铸接受时任时报驻华记者张大卫的采访。冀朝铸曾为毛泽东、周恩来和邓小平等多名中国领导人担任翻译，见证并参与了诸多历史性时刻。
特朗普政府对中国记者实施新签证限制,在非美国新闻媒体工作的中国记者将只能获得90天的工作签证，停留时间大幅缩短。美国官员称这将平衡中国压制独立新闻的做法，但此举可能招致北京报复。
简报：美国限制中国获取技术；抗议浪潮席卷全球,美国外交元老谈香港局势与中美关系；港台就陈同佳案争论难休；英国脱欧或再延期；谷歌宣称实现量子计算突破；英国一卡车内发现39具尸体……简报带你速览今日要闻。
共和党“甩锅中国”策略的头号敌人：特朗普,美国疫情造成的影响日趋严重，共和党人越来越相信，将责任归咎于中国也许是挽救选举的最好办法。但是，特朗普急于推进贸易谈判、维护与习近平的关系，搅乱了这一策略。
美国人工智能领域的秘密武器：中国人才,研究表明，在中国受过教育的研究人员帮助美国在人工智能这个具有重要战略意义的领域占主导地位。但行业领导者如今担心，恶化的政治紧张局势将削弱美国的这一优势。
贸易战暴露习近平的领导能力不足,习近平根本没有管理好中美关系，在挑战美国的全球领导地位上做得太猛、太早。他也没能采取有效措施，解决中国经济的结构性问题。
北京仍呼吁合作，但已加强抗衡美国的决心,北京认为，华盛顿在贸易、科技和香港问题上的惩罚性措施暴露了美国敌视中国的核心问题。鉴于巨大的经济利益，中国不愿彻底毁掉两国关系，但也在极力反抗。
中美新冷战会滑向热战吗,作者认为，中美已进入新冷战状态，在双方绝不后退的意志较量中，在各领域发生对撞和冲突势使难免，出现误判和擦枪走火的概率大增。
习近平电贺特朗普当选美国总统,习近平说，期待与特朗普一道努力，拓展合作，以建设性方式管控分歧。与鹰派的克林顿相比，中国政府更愿意与特朗普打交道。但中美贸易摩擦也可能增加。
清华校园里的中美“暗战”,作者写道，中美高校的人文交流项目以搭建两国之间的桥梁为旨，但在中美关系恶化的今日，朋友圈里温馨的合影背后隐藏着难以缓解的矛盾。
美国拟批准新对台军售，或加剧中美紧张关系,新一批军火销售价值20亿美元，被认为将帮助台湾应对来自中国的军事威胁。军售正值蔡英文准备访问北美、过境美国之际，此行可能会进一步激怒北京。
防弹轿车、机器人和煤炭：朝鲜如何逃避国际制裁,联合国报告、数据评估和分析人士的采访显示，朝鲜在中俄帮助下出口煤炭等，募集数百万美元，用于继续发展核计划。该国还利用国际制裁的漏洞为精英阶层进口奢侈商品。
为何有关金正恩健康的谣言如此泛滥？,人们对朝鲜这个世界上最孤立的警察国家有强烈的地缘政治兴趣，外界对可靠信息的缺乏为谣言滋生创造了土壤。金正恩如果突然死亡，可能带来影响深远的权力真空。
面对贸易冲突和香港动荡，中国高调反美,外交部发言人华春莹称香港动荡为“美方作品”，央视主播康辉则讽刺美国是“搅屎棍”。分析认为，中国官方有意在煽动反美情绪。中美关系正经历断裂，变得越来越敌对。
美国医疗物资紧缺，中国精英阶层伸出援手,一个由企业家、富人、学者和前外交官等组成的临时网络正在帮助美国获得中国制造的医护产品。在中美敌意日增的背景下，这或将有助于改善中国形象，弥合两国鸿沟。
中国人网购热情不减，“双11”交易额再破纪录,阿里巴巴称，当天共售出价值2684亿人民币的货品，创下新纪录。泰勒·斯威夫特等国际明星也现身直播晚会。这表明在涉及巨额资金的情况下，世界仍希望来到中国。
经济困境会否挑战习近平政权？,当前中国一个最紧迫的问题是，经济下滑和中美贸易战的挫折有没有威胁到习近平的权力基础？根据最近与有关人士的交流得到的信息，作者认为，至少已经产生了一定的影响。
特朗普的电话将台湾重新推向中美外交谈判桌,特朗普打破惯例与蔡英文通话，使淡出外交热点已久的台湾问题再次成为中美关系的重要议题。分析称中国或重新考虑对台强硬立场，中美关系也可能受到影响。
简报：特朗普称ISIS头目死亡；对话香港前线抗议者,五角大楼担忧芯片供应安全；香港颁布“人肉”警察禁令；中国回击彭斯涉华言论；山火再次肆虐加州；路易威登母公司考虑收购蒂芙尼……NYT简报带你速览今日要闻。
习近平想在G20上塑造一个怎样的领袖形象,与特朗普的会晤可能不会实质性改善中美关系，习近平需要塑造一个朋友众多、在追求更宏大议程的形象。但他能否开创一个制衡美国的联盟，仍然有待观察。
特朗普当选美国总统，震动世界,特朗普一扫选前民调中的颓势，凭借在关键摇摆州的胜利击败克林顿，当选美国第45任总统。各国努力消化这个惊人的消息。习近平和普京致电祝贺。日韩紧张。
习近平与特朗普通电话，双方强调合作共赢,这是中国领导人在特朗普当选之后与他进行的第一次直接沟通。习近平重申了在上周贺电中强调的中美合作原则。特朗普表示赞同，说中国是伟大重要的国家。
贸易谈判进展不顺，习近平陷入两难境地,如果他坚持强硬立场，可能危害经济增长，进而损害中共政治合法性的基础。如果选择让步，国内的不满则会加剧。但如果谈判彻底破裂，双方都面临严重风险。
华盛顿与北京激烈争吵，但美国需要中国的口罩,美国防护器材严重短缺，中国是此类物资最大的生产国，且发出了愿意提供帮助的信号。但鉴于两国陷入互相攻击谩骂、全球空运货物业务崩溃，达成交易可能变得愈发困难。
白宫缺少对华事务主导者，中美裂痕日益扩大,特朗普政府中缺少一个掌管对华事务的核心人物，令美国在许多议题上向北京发出矛盾信号。库什纳一度被认为是中美高层间的桥梁，但他与中国的关系已经转淡。
新冠疫情加剧美中分歧与对抗,本应联手消除病毒、挽救全球经济之际，美中关系恶化到新低。对华鹰派将这一大流行病视为打击中国的机会，但专家警告全球危机需要两国的合作而非对抗。
疫情简报：全球死亡人数破万，特朗普再提“中国病毒”,中国连续三日本土无新增；美国约五分之一人口被要求待在室内；道指低于特朗普就职时水平；意大利再创单日最高死亡数字……这里是疫情最新情况汇总。
特朗普无视批评，坚称“中国病毒”不是种族歧视,这一用词已激怒了中国官员和大量批评人士。专家指出，这只会加剧两国紧张关系，并导致仇外情绪的出现。但特朗普称，此举意在对抗北京指控美国为病毒发源地的阴谋论。
疫情危机损害国际形象，中国打响外交反击战,中国政府的初期应对备受质疑，与多国的关系因疫情紧张。如今它开始反击：驱逐外国记者、抨击种族主义、暗示其他国家反应太慢，还暗示病毒源于其他地方。
简报：香港大学校园变战场；特朗普弹劾调查听证会首日,聚焦特朗普弹劾调查听证会首日；威尼斯再遭水淹； 全球温室气体排放量或继续上升；“微信模式“会成为美国互联网的未来吗……NYT简报带你速览今日要闻。
台湾连失友邦，这对中美太平洋竞争意味着什么,所罗门群岛和基里巴斯相继与台湾断交，转向北京。在与美国争夺太平洋影响力的竞争上，中国的势头正在增长。此番外交调整也将直接影响明年1月的台湾大选。
美国战略家眼里的中国崛起,我发现美国观察中国的战略家普遍有这样的心理：美国依然强大，其地位在于自身实力与价值观。对中国，美国只需展开务实外交，不必刻意遏制，中国最后会受制于自身问题。
中国创业者担忧“中美共同体”走向终结,许多中国创业者和知识分子认为，中国经济起飞受益于中美的积极互动和紧密联系。贸易战和两国“脱钩”的可能性令他们担忧，随着边界和壁垒高筑，中国的崛起能否继续。
在美国大使馆，中国人投了希拉里,"在一场美国大选的观摩活动上，一群年轻的中国人谈及对这场戏剧化美国大选和胜出者唐纳德·特朗普的赞美与批评，以及中国人选主席的可能性。
"
中国宣布全面管制芬太尼,中国将芬太尼的所有变异列入管制目录，履行了习近平对特朗普的承诺。芬太尼出口长期以来是中美关系紧张的原因之一，美方认为中国对美国阿片类药物泛滥负有责任。
中美可以友好相处吗？,习近平治下的中美关系现状令许多中国问题专家感到悲观。若想避免陷入美俄关系般的僵局，中美有必要考虑并采取更加大胆的外交举措。
特朗普该怎样与习近平谈判,特朗普渴望与中国达成协议，他也许会为了面子而忍不住接受能从北京得到的任何东西。但他必须记住，美国的核心利益不能用来讨价还价。
蔡英文出访加勒比友邦，再次过境美国,蔡英文将访问加勒比海四国，过境纽约和丹佛。此前美国批准新一轮对台军售，已经引发中国强烈反对。贸易战旷日持久，这次过境可能进一步恶化中美关系。
对中国敲警钟？特朗普政府批准对台军售,此次军售表明特朗普政府正对中国采取更具对抗性的姿态。此外，美国还对与朝鲜有关的中国银行实施了制裁，并可能在夏天对中国进口钢材征收高额关税。
简报：全球病例突破200万；中国使馆文章激怒法国政府,德国宣布放松限制计划；谭德塞对特朗普暂停资助WHO表示遗憾；纽约州要求民众公共场合佩戴口罩；韩国国会选举执政党大胜……这里是疫情最新情况汇总。
马云谈帮助特朗普创造美国就业,在特朗普大厦，马云告诉记者，将帮助100万个美国小型企业把农产品和美国的服务卖到中国去。特朗普说：“我们进行了一次了不起的会谈。”
下任驻华大使提名关注对华牛肉出口,下任驻华大使提名马克斯·鲍卡斯参议员是自由贸易支持者，他最关心的中国问题是解除他所在的蒙大拿州向中国市场出口牛肉的禁令。
简报：中国富商涉嫌猥亵女童案发酵；美国拟批准对台军售,特朗普政府拟允许部分美企与华为开展业务；林郑月娥称《逃犯条例》修订已“寿终正寝”；何韵诗联合国人权理事会发言遭中方打断……NYT简报带你速览今日要闻。
中美军事紧张局势加剧，中国拒绝美军舰访问香港,“黄蜂号”取消了计划中的访问。在此之前，美国对一家中国国有军事公司实施制裁，并向台湾销售军事装备的决定引发了北京的激烈反应，中美关系似乎正偏离轨道。
美国针对中国发布旅行警告,中美关系日趋紧张之际，美国发布旅行警告，称美国人在中国可能面临被任意拘捕的风险。此前中国一名外逃官员的美国籍家人被北京当局“禁止离境”，引发国际关注。
学联真的是中共的政治工具吗？,美国舆论和官员视学联为中共送入美国国土的特洛伊木马，认为这些学生组织在发起影响力运动，甚至参与间谍活动。实际情况并非如此。
在这17本书里读懂中国,这是一份远非完整的起步书单：有外国媒体驻华记者的观察；余华、杨绛这些中国人自己的声音；基辛格及多位学者对中美关系的论述；以及关注历史、妇女和儿童的佳作。
与特朗普共创中美美好未来,特朗普不是一个意识形态偏执狂，也似乎无意对他国指手画脚。中国宁愿与一个就事论事的美国，而不是时刻想着重塑世界的美国打交道。
简报：中国驻美大使驳“病毒源自美国”论；英国实施封锁,全球新冠死亡人数超1.6万，世界进入“无人”模式；默克尔病毒检测呈阴性；法国多名医生感染新冠去世；印度停飞国内航班……这里是疫情最新情况汇总。
中国警告美国勿在亚太地区部署陆基导弹,中国官员表示“绝不会坐视自身利益受损”，但并未说明具体反制措施。北京也表态不会参加美俄军控谈判。这加剧了人们对中美俄展开新一轮军备竞赛的担忧。
习近平的“BBC老爸”式烦恼（漫画）,对谋求大国崛起和全球领导地位的习近平来说，朝核危机不断升级、中美关系前途未明无疑阻碍了他的计划和野心。
香港抗议僵局难解，亲北京阵营陷入分歧,建制派原本是最有可能缓和局势的力量，但该阵营内部在多个议题上存在分歧，特别是对抗议者的民主诉求。温和派希望重拾2014年政改方案，但前景渺茫。
《中国梦》作者谈中美开战可能性,刘明福称中美关系已进入危险的“比赛最后一局”，美国不断煽动反对中共的活动。为增进了解，美国官员应该来中央党校学习。
中美批准巴黎气候协议（视频）,奥巴马和习近平周六在杭州宣布，中美两国正式批准《巴黎协议》，增强了两国在该领域的合作，也在中美关系频频出现波动的时期，展现出罕见的和谐。
中美贸易谈判陷僵局，或开启长期经济冲突,美国决心限制中国的经济影响力，中国则认为美国的一些要求侵犯主权。两国仍有可能达成协议，但很可能只会改变一些边缘问题，而非美国寻求的重大改革。
安倍访华破冰，中日真的能化对手为朋友吗？,中美关系恶化之际，习近平将一个更友好的日本视为对冲；特朗普对盟友反复无常也令安倍警惕。但两国战略对手关系不会有根本性改变，日本仍寻求与北京抗衡。
当中国“废纸大王”买下一家美国纸厂,先是僧侣，然后是风水顾问。去年夏天，一家倒闭多年的缅因偏远小镇纸浆厂迎来了它的新老板：中国的“废纸大王”张茵。当地急需这样一位救星，但不信任依旧存在。
“熊猫外交”知多少,熊猫外交(panda diplomacy)指中国向境外赠送或租借大熊猫借以增进友好关系的外交方式。始于上世纪40年代的“熊猫外交”在给获赠国带去欢乐的同时，也伴随着质疑。
香港人权法案会影响中美贸易谈判吗？,特朗普签署香港人权法案对北京构成了直接挑战，但贸易和经济疲软是中国当局更急于解决的问题。北京仍希望达成贸易协议，也缺乏有实际意义的选项回击美国。
在中国被封锁的Facebook成为政府对外宣传工具,中国是Facebook在亚洲最大的广告市场。据透露中国政府每年花费数十万美元在其平台上购买广告，进行国家宣传。这些宣传强调世界其他地方暴力混乱，突出中国的繁荣稳定。
简报：习近平焦虑之年；受困于美国的华人按摩女,韩国官员称“特金会”或宣布结束朝鲜战争；特朗普对华贸易让步带来政治风险；伊朗外长突然宣布辞职；土耳其和英国对中国新疆问题表示关注……简报带你速览今日要闻。
美国该为掩盖731部队人体试验暴行道歉吗？,新的731部队罪证陈列馆揭露了侵华日军利用人体进行生物武器研究的暴行，及美国对日本战争罪行的掩盖和纵容。随着中美关系日渐紧张，美国是否应就此道歉也引发讨论。
接触还是遏制？九位中国专家谈美国对华政策,在时报交易录大会上，九位中国政策专家讨论了美中关系面临的主要挑战。与中国和平接触的政策正走向终结，面对“中国优势”，美国该如何重新定义两国关系？
美国应持续支持和平解决台湾问题,"美国在应对许多全球性问题时都需要中国的合作。与台北和北京均维持建设性关系符合美国利益。华盛顿应继续提醒北京，其反对武力解决台湾问题，且不支持台独。
——王福权，维吉尼亚州"
美国议员质询反间谍调查是否歧视华裔,美籍华裔水文专家陈霞芬因涉嫌为中国做间谍被捕，指控随后又被撤销。在美国的反间谍执法中，华裔常常成为重点怀疑对象。
中兴如何成为了中美地缘政治对弈的核心？,美国对中兴的惩罚及特朗普的态度转变显示出中美关系上更深层次的问题。中兴是一家怎样的公司？它是如何违反美国法令的？为什么特朗普会介入此事？
放走斯诺登，中国不怕美国指责,中国表示，斯诺登事件不应影响中美关系。尽管美国大为不满，但中国适时放走斯诺登，可能不失为明智之举。党报赞扬斯诺登“撕下了华府道貌岸然的面具”。
鲍卡斯获任驻华大使突显白宫急缺中国通,自由贸易主义参议员鲍卡斯获任美国新驻华大使，但问题是，奥巴马第二任期是否有足够的合适人选斡旋美中外交并在中国发挥影响力。
习拜会双方就防空区问题针锋相对,中国主席习近平周三与美国副总统拜登举行了长时间会晤，讨论了防空区、朝鲜和中国改革等广泛议题。习近平对拜登提出反对设立防空区给与了有力反驳。
崔天凯，沟通中美的外交能人,中国驻美大使崔天凯履新不久，便促成了中美元首加州峰会。他既捍卫中国利益，又善于聆听美方观点，是修复中美关系裂痕的能手。
美国国内敦促反击中国网络攻击,在奥巴马下月准备与习近平举行首次会晤之际，美国知识产权窃取委员会将提出一系列措施建言，以提高中国窃取美国产业机密的代价。关于反击中国网络攻击的建议，可能会成为会晤最敏感的话题之一。
惩罚NBA，恐怕对中国不利,作者在中国留美学生圈发现，虽然针对NBA的激进声音盖过温和态度，但立场并非铁板一块。支持政府立场者在其他议题上也不会盲目爱国。
贸易协议，习近平学韩信忍胯下之辱？,作者认为，虽然北京是这次贸易协定的输家，但这是习近平以空间换时间之举，借机补齐短板，厉兵秣马，为中美之间将来的生死较量做准备。
学者沈志华：盼共产党将隐秘历史公诸于世,沈志华是中国最重要的冷战史学家，他为自己设定了一项几乎不可能完成的任务：希望中国揭开自己的秘密，把中美关系、中朝关系的往事以及其他中国历史的秘密告诉国民。
习近平推进大国议程，中美或迎来新冷战,分析人士表示，获得新权威的习近平将继续推动他让中国成为全球大国的议程。中国将在亚太地区继续挑战美国政治和军事上的主导地位，中美关系将更具对抗性。
简报：香港亲中派陷入分歧；中国刑拘两名美国人,美国出台新规限制中国外交官行动；英国和欧盟就脱欧协议草案达成一致；白宫代理幕僚长承认对乌克兰停止援助部分出于政治原因……NYT简报带你速览今日要闻。
孟晚舟获准保释，引渡程序或持续数月,孟晚舟以1000万加元获保释，将接受24小时监控，2月6日将再次出庭。若美国提出正式引渡请求并获得批准，孟晚舟有几个上诉选择，整个过程可能持续数月。
特朗普时代将为中国带来机遇,特朗普治下，对抗将不可避免地成为中美关系的核心。中国若积极结盟、主导地区贸易协议、采取更开放的政策，有机会成为合格的超级大国。
一份初步贸易协议对特朗普和习近平意味着什么？,中美领导人都在国内面临政治和经济压力。特朗普急于转移弹劾调查的舆论焦点；面对食品涨价、香港乱局和召开在即的四中全会，习近平也需要这一妥协。
爱国还是看球？NBA争议中的中国球迷,周四在上海展开的湖人对篮网的比赛可以被看作NBA与中国关系缓和的开始。但许多老球迷仍表示，他们会选择爱国而非对球赛的热爱。但也有球迷说，完全禁止是不可能的。
1949：隔离、断绝和中美外交风云的转折之年,《动如脱兔》透过一群声名显赫的人物的视角，让读者置身于蒋介石败给毛泽东之后席卷亚洲的风暴的起点，去见证为中美关系未来的发展设定方向的的变化。
中国想向外界传达的信息：我们强硬却不具威胁,通过阅兵和南海军事化等政策，中国传达出强硬信息，但同时也在试图缓和外界对中国的看法。专家表示，中国希望对内展示国力，但可能激起外国政府反应升级。
孟晚舟案引发中国权势阶层愤怒，考验习近平,习近平面临相互矛盾的压力：一边是群情激愤的精英和大众要求对美国施加报复；一边是贸易战和紧张局势带来的巨大政治成本。这对他构成了微妙的政治考验。
特朗普的豪言，中国的不满,中国官方曾把希望寄托在特朗普身上，但他的贸易霸凌和民族主义姿态令北京不满。在就职演说中强调“美国优先”，更令中国领导人担心。
CGTN北美分台台长及多名员工被召回中国,美国司法部正加强调查该组织与北京的关系，台长麻静及十多名中国员工被突然召回。CGTN是中央电视台的北美分支机构，麻静声称该台有编辑独立性，不受北京当局控制。
中国继续为新疆拘禁营辩护：防止恐怖主义,中国改变了最初在国际上全盘否认拘禁营的立场，强调在新疆取得的扶贫和反恐成就，指西方的相关指控是“受政治驱使”。独立报道显示，中国还在继续扩大新疆的收容中心。
简报：“中国梦”的崛起；耽美小说作者被重判十年,"日产汽车董事长被捕；硅谷巨头股价全线下挫；中美冲突背后的争霸野心；占中领袖哀叹香港现状；中国无条件批准迪士尼收购21世纪福克斯……新闻简报带你速览今日要闻。
"
炸鸡、改革开放、爱国主义：肯德基广告里的中国,为庆祝改革开放40周年，肯德基推出一部广告赞颂中国取得的成就。作为一家美国品牌，肯德基在一个中美关系紧张时期的示好受到了消费者的喜爱，却也遭到了嘲讽。
华为禁令下，中国政府向外国科技巨头施压,微软、戴尔及三星等公司遭警告：如配合特朗普政府对中国公司的禁售令或撤走生产线，都可能导致惩罚。知情者称，中国政府还暗示企业利用游说抵制相关政策。
中美电视主持人就贸易战进行辩论,没有想象中的唇枪舌战，刘欣和翠西·雷根的现场辩论更像是一次采访。但专家表示，这场辩论为中国共产党提供了一个难得的机会，可以直接向美国观众呈现自己的叙事。
记者手记：午餐会拜登打趣习近平,习近平在美国务院出席午餐会，拜登、基辛格、库克等作陪。习曾两次访问美国大选重要阵地爱荷华州，拜登也拿这个话题开起了玩笑：“他已经成了主席，我还是个副总统。”
简报：北京持续向香港商界施压；台湾男子在中国被调查,港交所提议收购伦敦证交所；美国推迟对华商品征收新关税日期；擅闯特朗普马阿拉歌庄园的中国女子被定罪；美国打击外国芬太尼流入……NYT简报带你速览今日要闻。
特朗普与欧洲隔阂渐深，中国“趁虚而入”,特朗普在欧洲越来越不受欢迎，中美关系也变化莫测，习近平选择巩固与德国及欧洲的密切关系。他将北京定位为多边体系的维护者，试图取代美国扮演领导角色。
特朗普与习近平通话，谈朝鲜及台湾问题,特朗普继续寻求习近平的帮助，以应对朝鲜核武器计划构成的“不断增长的威胁”。习近平称“消极因素”影响中美关系，敦促美国以“一中”原则处理涉台问题。
简报：林郑月娥谈香港局势录音曝光；美国与东盟联合军演,开学季香港抗议活动延伸至校园；官员称民众抗议行为带有“恐怖性质”；朝鲜推进核武库引发担忧；英国脱欧迎来关键一周……NYT简报带你速览今日要闻。
中美贸易战进入新阶段，停火遥遥无期,特朗普新一轮关税生效，美国对几乎所有中国进口商品征税，税率达到几十年来新高；北京也开始对美国商品实施报复性关税。这些壁垒正迅速重新配置全球经济。
外企热情消退，继续留在中国变成一种磨练和战斗,跨国公司一直是中美关系的坚定维护者，为了进入中国市场，它们低调审慎，避免激怒官方。但随着中国商业环境变得更加严峻，外企开始更直接地表达不满。
“女神”伊万卡：中国人为何追捧特朗普千金,在美国颇具争议的伊万卡，在中国却受到普遍喜爱。她奢华的生活方式和出色的商业头脑，引发了渴望声名与财富的年轻人的共鸣。分析称她广受欢迎有益于中美关系。
特朗普的“不靠谱”让中国看到了机会,特朗普的对朝威胁引发亚洲盟友不安和困惑，却让中国看到树立清醒理性的大国形象的机会。国内政治斗争和伊万卡夫妇即将访华，也可能促使北京“淡定围观”。
特朗普要求美国企业离开中国，这能实现吗？,短期来看这并不可行，迅速与中国脱钩将造成混乱；但长期的转移已在进行中，贸易战已迫使许多企业重新考虑对中国的依赖。许多企业担心因为涉及政治问题在中国栽跟头。
风景很美问题很多，习近平与特朗普的首次会晤,习近平下月赴美会见特朗普。会面被安排在特朗普私人别墅马拉阿歌庄园。此时的中美关系矛盾重重，朝核危机、美国对台军售等问题决定了会谈可能不轻松。
美国将中国列为贩卖人口最严重国家,美国国务院周二严辞指责中国未能有效打击本国人口贩卖活动。同被美国指责的还有朝鲜、刚果共和国等20多国。中美在朝鲜问题上的合作效果不佳，两国关系恐将迅速恶化。
中国“空降孩子”（下）：留在美国,在美国大学的第一年已经过了一半，科尔宾可以一整天都不说一句英语。随着中美关系趋于紧张，在美国的中国留学生可能会更加与当地文化隔离。
中国用航母向特朗普示威？（漫画）,特朗普打破外交惯例与蔡英文通话、质疑一个中国原则，给未来中美关系带来不确定性。中国则将航母开到了台湾海峡，强硬态度不言而明。
特朗普任命中国批评者主管贸易政策,纳瓦罗以严厉批评中国著称，曾公开指责中国对美发动经济战。此举是特朗普打算重新塑造中美关系的最新迹象。亿万富翁伊坎将担任监管方面的特别顾问。
特朗普宣称美国不受“一个中国”原则约束,特朗普公开质疑中美关系中一个重要协议，即“一个中国”原则。他说美国没必要受此原则束缚，除非中国愿意在其他方面与他合作，比如贸易和南海问题。
“中美友谊农场”能否缓和两国紧张关系？,习近平担任国家主席之前两度访问艾奥瓦州，之后便有了在承德建造一座美式农场的计划。中美关系近期陡生变数，这个计划成了一种象征性的缓和剂。
中国如何看待特朗普与蔡英文通话,特朗普与蔡英文通话戳中了中国核心利益中最敏感的问题。虽然中国的反应相对温和，但分析认为，此事为中方敲响了警钟，中美关系可能将在短期内出现震荡。
如何抨击一个衰退的中国？,美国政客一贯宣扬崛起的中国给美国带来威胁。最近他们发现老生常谈不灵了：中国经济正在放缓，给美国带来截然不同的威胁。
担忧间谍活动，FBI禁止部分中国学者进入美国,据信在过去一年，约30名社科领域的中国学者赴美签证被取消或复议。当局认为中国利用来访学者进行情报收集。但有批评认为，有些受影响的中国学者恰是“美国的朋友”。
“孙女外交”？特朗普外孙女唱中文歌拜年,特朗普5岁的外孙女阿拉贝拉用中文唱《新年好》的视频在中美社交媒体上均引发关注。此前伊万卡还带她赴中国大使馆拜年。中国官媒称阿拉贝拉母女为中美关系带来新貌。
奥巴马再会达赖喇嘛，中国抗议,中国官员周三抗议奥巴马会见达赖喇嘛，称此举将破坏中美关系。中国反对任何国家接待达赖喇嘛，视之为干涉中国内政。奥巴马上次会见达赖喇嘛是2014年。
中美结束新一轮贸易对话，未取得明显进展,双方都声称谈判是“建设性的”，但有待解决的各项问题都未取得实质性进展。中国确认了增加购买美国农产品的承诺。下一轮谈判预计于9月在华盛顿进行。
在老上海最显赫的建筑里安一个家,开业于1929年的锦江饭店是上海最具历史意义的一座建筑，曾见证中美关系走向正常化的第一步。如今这里变身高档公寓，久居美国的设计师韩枫也把工作室搬到了这里。
“习奥会”聚焦南海，中美走向克制？,习近平即将访美会见奥巴马，陷入15年来最低点的中美关系可能有所缓和。在争议最大的南海议题上，分析称保持克制会给双方都带来好处。朝核问题也将考验美日韩三边会谈。
中国公司赴美投资收购为何屡次碰壁,美国政府对每一笔跨国并购与投资交易都进行国家安全审查。随着越来越多中国公司尝试投资美国，遭遇审查障碍的情况也在增加，给中美关系带来复杂影响。
简报：华盛顿反华情绪蔓延；港警被指纵容“黑社会”,中企因违反伊朗石油禁令被美国制裁；杜特地称面对中国的军事力量菲律宾别无选择；脱欧前景未明，英镑大跌；印度成功发射月球探测器……NYT简报带你速览今日要闻。
来华做生意的代价？中国禁外企将港澳台列为国家,中国要求航空公司清查其网站上将港澳台列为国家的内容，白宫指责此举是将政治观点强加于美国公民和企业，并称此为“奥威尔式的胡言乱语”。中国外交部予以回击。
中国谴责美国阻挠其追捕贪官行动,新华社发表措辞强硬文章，称美国命令中国特工离境是“令人遗憾的举动”。美国指责中国公安部行动人员在美秘密行动，抓捕在逃贪官。中美关系愈加紧张。
孟宏伟案为何丢不了中国的面子,孟宏伟落马是中共高层权力斗争的结果，中国丝毫没有表现出颜面扫地的尴尬感。中国如今以富裕强大为傲，但这种有面子也意味着无耻。
中美对话前夕，北京宣布将完成南海造岛工程,专家称选择在此时宣布结束海南岛造岛活动，既有助于缓和中美关系，也能满足国内民族主义情绪，显示已兑现顶住军事压力的承诺。
习近平年内将对美国进行国事访问,习近平应邀赴美国事访问，安倍晋三、朴槿惠和印尼总统也受到邀请，访问日期未定。中国驻美大使崔天凯希望羊年中美关系“多一点喜羊羊，少一点灰太狼”。
解析中国与巴基斯坦之间低调的亲密关系,美国学者马安洲是中国与巴基斯坦关系专家。他认为，随着分离主义恐怖主义威胁升级，中国不再掩饰与巴基斯坦的亲密关系，巴也是中国制衡印度、调节中美关系的重要伙伴。
中国严厉批评奥巴马会见达赖喇嘛,中国外交部称此举严重损害中美关系。与以往不同，白宫似乎对这种外交后果泰然自若，可能的原因是奥巴马在今年11月前不会访华。
中美元首探讨新型合作关系,习近平和奥巴马的会谈进程过半，双方谈到了安全与朝核危机，并将探讨经济合作与网络安全。两人同意应通过对话将中美关系提升到新的合作层面。
习近平聚焦中美新关系,习近平将与奥巴马探讨构建新型中美关系。专家称，中国对朝政策转变，将让中美走得更近。习还将向奥巴马表明对日本的强硬态度。
中国年轻人崇尚美式文化，却怀有政治敌意,调查显示，中国年轻人往往接受美国的文化和生活方式，但在政治上，他们又自觉与官方立场保持一致，对美国缺乏信任和好感。
6名中国人被指控窃取硅谷商业机密,一名天津大学教授被指10年来窃取硅谷技术，在洛杉矶被捕，另外五名中国人也一同涉案，被美国政府指控，此为五名中国军方成员去年遭指控以来的最大动作。
美国驻华大使鲍卡斯正式上任,周二下午，美国新任驻华大使鲍卡斯向中国外交部递交了国书，并在美使馆会见记者。鲍卡斯称美中关系至关重要，必须处理好。
奥巴马拟定下一任驻华大使人选,据透露，奥巴马总统计划提名蒙大拿州民主党参议员、参议院财政委员会主席马克斯· 鲍卡斯担任下一任驻华大使。鲍卡斯曾努力深化中美关系，并接待过习近平。
习近平放弃韬光养晦推动大国外交,习近平近期一系列高调外交活动和公开讲话显示，他将积极推行让中国实现复兴的大国外交构想，渐渐远离邓小平的韬光养晦思路。
中美对“新型大国关系”态度微妙,奥巴马称欢迎中国崛起，但对习近平频提的“新型大国关系”并不热心，因为中方未澄清核心利益。面对“跛脚鸭”总统，习也无意送礼，因为他知道奥在余下任期已无法回报。
对抗还是妥协？中美贸易冲突给习近平带来挑战,特朗普的惩罚性关税政策使习近平陷入困境，若处理不当可能削弱他的政治地位。分析认为习近平一方面会与美国抗衡以展示决心，同时也会想办法避免更大冲突。
中美应该合作抵制象牙贸易,奥巴马与习近平会晤期间，应该讨论象牙贸易这个议题。遏制象牙贸易不需要付出很多，而带来的好处却极大，两位第一夫人也可以作出表率。
美国不愿为香港局势与中国失和,香港街头抗议声势浩大，美国领事馆出言谨慎。白宫无意改变奥巴马11月访华的计划。美国虽向中国提出香港问题，但仍希望在一系列重要事项上寻求与中国合作。
中国对美国进口高粱展开双反调查，贸易争端升级,中国商务部宣布对进口自美国的高粱发起反倾销和反补贴调查，美高粱恐面临高额关税。美国此前对太阳能电池板等征税。世界两大经济体间的贸易摩擦不断加剧。
斯诺登离港，北京如释重负,香港坚称其司法程序独立于北京，但包括人民大学国际关系学院教授金灿荣在内的知情人称，在允许斯诺登离港一事上，北京方面曾与香港进行协调。 
美中两国的网络活动可否相提并论,“棱镜门”发生后，中国官媒纷纷向美国发难。有观点认为，美国采取双重标准，指责中国从事网络间谍活动很虚伪。但有人认为，两者性质不同，风马牛不相及。
蔡英文：中国军事扩张影响区域稳定,蔡英文在年终记者会上强调，中国在东亚地区的军事扩张不止是台湾面对的局势，也是“整个区域的国家都共同面对的局势”。她还强调了台湾国防自助的决心。
简报：习近平高调访俄；刘强东案引发中国强奸文化讨论,中国重罚长安福特1.628亿元；朝鲜叫停著名团体操表演；政治高压下挣扎求生的香港独立出版商；各国领导人齐聚纪念诺曼底登陆75周年……简报带你速览今日要闻。
习近平会见中美商业领袖，重申深化改革承诺,习近平同时强调中国的主权和安全至关重要。中国正收紧对互联网和先进技术的限制，苹果等企业均受影响，这也加剧了跨国企业对其开放和改革承诺的怀疑。
中共宣传官员袁木去世，曾为“六四”镇压辩护,天安门事件发生后，时任政府发言人的袁木表示“没有一个人”在广场上死亡，并表示中国不怕外国报复。时任美国驻华大使曾称他是总理李鹏对付学生的“打手”。
简报：香港警方逮捕两名13岁抗议者；中美在太平洋角力,视频揭示香港警察假扮示威者血腥执法；中美贸易谈判持续进行；特朗普被情报官员投诉细节曝光；世界领导人齐聚纽约出席联合国大会……NYT简报带你速览今日要闻。
美在台协会新址低调揭幕，美方内阁级别官员缺席,台湾总统蔡英文及前总统马英九都出席了剪彩仪式，但美方派出的最高级别出席者是助理国务卿罗伊斯。美国在对台湾表示支持之际，也在避免与中国发生冲突。
中国回应康明凯事件，称其受雇于未备案NGO,2016年的一项法律规定外国在华NGO必须向警方登记。但官方并未正式宣布对康明凯的拘留，也未说明具体指控。外界普遍认为他的被抓与孟晚舟在加拿大被捕有关。
简报：中美就关税问题互相威胁；孟晚舟保释条款变更,美剧涉中国互联网审查片段被删；英国小王子首次亮相；美众议院通过加强台湾关系议案；特朗普动用总统行政特权阻止公开穆勒报告全文……NYT简报带你速览今日要闻。
白宫经济顾问将出售1600万美元工行股份,为避免利益冲突，领导全国经济委员会的经济顾问科恩正在出售约值1600万美元的工商银行股份。评论称考虑到中美关系，科恩出售股票的行为是明智之举。
安邦董事长吴小晖被警方拘留,安邦声明称吴小晖“因个人原因暂不能履职”。中国媒体称政府正对安邦集团进行调查。安邦近年来在全球大举开展收购活动，吴小晖遭羁押对中美均有重大影响。
中国军机近距离拦截美军侦察机,双方在东海上空遭遇，美方称中国飞机“不专业”地以过于靠近的方式飞行。专家称中国可能担忧美国监视其军事硬件和基地。去年中美军机数次空中遭遇。
特朗普解决朝鲜问题的筹码：中美贸易协议,特朗普发推称，若中国“解决朝鲜问题”，将获得更优惠的贸易协议条件。这实际上暴露了特朗普在处理朝鲜问题上的困境：只有中国才能切实约束平壤的行为。
特朗普对台湾的商业兴趣引人猜测,一个自称是特朗普公司“销售大使”的台裔美国人造访台湾桃园，和当地官员商谈投资事宜。如果特朗普真的打算在台湾投资，那么潜在利益冲突将让中美关系更加微妙难测。
简报：郭台铭参选台湾总统；明大女生诉刘强东强奸,抖音海外版在印度被下架；朝鲜测试新武器；秘鲁前总统自杀身亡；中国一季度GDP增长6.4%；穆勒报告删减版将被公布……NYT简报带你速览今日要闻。
简报：FBI禁部分中国学者访美；澳洲穆斯林吁向中国施压,中国重新评估“一带一路”项目；“熊猫外交”在丹麦引发争议；香港金像奖《无双》横扫七奖；特朗普宣布美国5G频谱部署计划……NYT简报带你速览今日要闻。
中美批准巴黎气候协议,G20开幕前，奥巴马和习近平宣布中美两国正式批准巴黎气候协议，增强了两国在该领域的合作，也在中美关系频频出现波动的时期，展现出罕见的和谐。
香港“反送中”催化台湾社会红色恐惧,台湾人对统一支持度大减，连带国民党澄清不支持一国两制，而蔡英文连任声势看涨。反红媒、拒喝抵制，无不反映出台湾社会对红色渗透的担忧。
特朗普来了，习和安倍怎么应对？,如果特朗普把经贸问题和台湾问题、中美贸易和朝鲜问题挂钩，北京该怎么办？因为特朗普可能采取的政策而成为牺牲品的日本，又该怎么办？日本要如何把特朗普拉回TPP？
中国外交部反驳“激进伊斯兰主义盟友”说,特朗普的国家安全顾问弗林称美国必须领导反对“激进伊斯兰”的全球性运动，将中国列为伊斯兰激进派的盟友，外交部发言人陆慷对此予以反驳，呼吁“尊重事实”。
蒂勒森与习近平会面，强调美中合作,蒂勒森在公开场合礼貌地强调“合作共赢”，但分析认为他在私下向中国严厉施压，要求加强对朝制裁。两人会面前数小时，朝鲜宣布成功测试新导弹发动机。
简报：中国海外异见人士遭抹黑；中美谈判结果对谁有利,凉山山火致30名灭火人员遇难；沙特阿美成全球最赚钱公司；英国议会再度否决脱欧替代方案；金正男遇害案宣判；新加坡拟立法打击“假新闻”……简报带你速览今日要闻。
简报：台湾谴责中国“越线”；习近平的权力稳固吗？,美国影响力减弱，意大利牵头欧洲转向中国；拜登回应对女政客“不当行为”指控；澳大利亚新西兰考虑制定新法规管制社交媒体……新闻简报带你速览今日要闻。
如何把中国历史教科书翻译成英文,"当一群中外学生尝试翻译中国历史课本时，他们发现，语言并非最大屏障，学校阶段被灌输的历史“事实”，以及基于这些“事实”而形成的身份认同，才是交流的严重障碍。
"
中国向哪里去？李锐等老改革派的一次聚会,日前的生日聚会上，毛主席原秘书李锐同鲍彤、杜导正谈起，多年来共产党怎么回事？“我想大家都想搞清楚，否则就没有今天这样一个聚会。” 
习近平在欢迎宴会上演讲全文,习近平在西雅图演讲中表示，中国将继续推进反腐败斗争，坚持“老虎”、“苍蝇”一起打。他还谈到了纸牌屋和海明威的《老人与海》。
与中国打贸易战，特朗普手里有多少弹药？,如果特朗普实践他关于中美贸易战的竞选言论，他可以从中国钢铁下手，报复他所认为的不正当竞争。中国也可以通过惩罚美国企业进行报复。结果可能两败俱伤。
中国转向出口以抵消国内经济颓势,中国央行过去一周推动人民币汇率稳步走低，以助力企业出口，同时房地产热亦呈现放缓迹象。中国企业重新转向海外市场已成定局，但可能令中美关系更加紧张。
简报：两会突显中国经济焦虑；美国商界反思贸易战,学者谈中国改革困境；移民数量激增，特朗普“边境墙”议程受阻；原云南红塔集团董事长褚时健逝世；全球第二起HIV感染者治愈病例可能出现……简报带你速览今日要闻。
巾帼英雄还是反华悍妇？中国人眼中的希拉里,希拉里·克林顿在自由与人权问题上直言不讳地批评中国，男性政策制定者多数对她没有好感。在女权主义者和自由主义者眼中，她是一个值得钦佩的女性政治家。
中国正想要这样的特朗普,在意识形态方面，中国正积极追求同美国的竞争。特朗普对民主制度的支持有气无力，给了中国打开局面、走向世界“舞台中央”的好时机。
北京冬奥会官方歌曲被指抄袭《冰雪奇缘》主题曲,北京冬奥会公布的10首官方歌曲中，由歌星孙楠和谭晶演唱的《冰雪舞动》被指抄袭《冰雪奇缘》插曲，引发国内外网友批评。
反华情绪蔓延，新一轮红色恐慌侵袭华盛顿,冷战时期的外交政策组织复活。从白宫、国会到联邦机构，对中国的恐惧已在华盛顿蔓延，官员将北京的崛起视为经济和国安威胁，以及21世纪的决定性挑战。
乌克兰冲突让中国受益,中俄问题专家认为，乌克兰危机中国得了实惠。中俄达成天然气交易，军火贸易也有望实现。但西方也不必担心出现“中俄轴心”。
腾讯雇员疑因批评网络审查被解职,张贾龙今年2月以博主身份与美国国务卿克里会面，期间他直率地批评了中国对网络言论的监控审查。张贾龙上周被迫从腾讯财经离职。
FBI警告美国青年别被中国政府利用,美国联邦调查局根据真人真事改编的一部短片，要求来中国的美国留学生警惕中国政府的间谍活动，以免被利用。片中人物被控阴谋获取国家机密获刑四年。
华为和中兴谋求扩大海外手机市场,华为和中兴都希望增加全球智能手机市占率。近期贸易展上，两家公司展示了各自新品。关于美国市场的不信任，他们也有自己的计划。
早报：拉美的中国航天测控站；时报出版人驳特朗普,中国“我也是”运动发酵；时报出版人与特朗普会面，指其言论危险；香港取消“旺角行人专用区”；柬埔寨大选洪森无悬念连任......新闻早报带你速览今日要闻。
美国国务卿改口，称斯诺登事件不影响美中关系,美国国务卿克里在东盟外长会议上缓和了早先关于斯诺登逃离香港的态度，称此事不会破坏与中国的关系。中国与邻国领土争端是东盟会议的重要议题。
解放军指美在网络安全上言行虚伪,周四，中国国防部发言人指责美国在网络安全方面言行虚伪，采取双重标准。这是中国官方在斯诺登泄密后对此做出的最严厉批评，外交部之前的回应相对温和。
中美峰会前夕中国准许胡志成返美,美籍华裔工程师胡志成近日将获准返美。此举被看为是习近平在访美前对美释放出的友善信号。胡志成在中国或因得罪有背景的商人，长期无法离境。
朝鲜特使访华，时机选择耐人寻味,朝鲜高层崔龙海周三访华。分析人士称，朝鲜或担心中美的高层会晤。习近平和奥巴马下月将在加州会晤，朝鲜必将成为议题。
内忧外扰并不妨碍习近平强势访美,虽然中国经济放缓、股市危机等问题可能会使习近平的权威在国内受到影响，但分析认为，习近平此次访美仍将保持强硬姿态。
中共十九大日期敲定，习近平或继续扩权,十九大将于10月18日在北京召开，预计将批准习近平的第二个任期，选出新的政治局常委。习还有望将自己的意识形态写入党章，并可能为延长任期做准备。
在华外国NGO担心未来凶多吉少,根据中国新国家安全法草案，外国非政府组织一切活动都将受公安监管。国际NGO组织担心活动难以开展，甚至可能不得不离开。
简报：中美高层贸易谈判在即，美司法部正式起诉华为,人权律师王全璋获刑四年半；杜克大学就教授“邮件门”致歉；星巴克前CEO宣布参选美国总统；新加坡1.4万名HIV感染者资料被泄露……新闻简报带你速览今日要闻。
中国主权基金要求美国政府降低市场准入门槛,资产8000亿美元的中投考虑押注美国的基础建设领域，但面临来自美国政府的监管阻力。中资大量涌入引发对中国政府影响力的担忧，中方则称遭不公平对待。
库什纳，朝鲜与白宫的秘密联系人？,美国金融家舒尔茨称，去年朝鲜曾通过他与库什纳联系，探索“特金会”的可能性。朝鲜认为库什纳能影响特朗普，这并不是库什纳第一次在国家安全敏感问题上介入私下渠道。
简报：中美贸易谈判进展；垃圾食品如何影响中国,美国两党对峙加剧；2019年CES展开幕；多国驻澳大利亚使领馆收到可疑包裹；李克强会见特斯拉CEO马斯克；世界首富贝佐斯离婚……新闻简报带你速览今日要闻。
简报：台湾警惕习近平统一论；揭秘中国网络审查工厂,中美贸易谈判将至，特朗普派强硬派代表领衔“应战”；苹果下调营收预期；500万印度女性齐声抗议性别歧视；美国迎来分裂政府第一天……新闻简报带你速览今日要闻。
特朗普的言论让全球领导人心烦意乱,即将就职的特朗普在采访中再度语出惊人，他称北约“已经过时”、对欧盟提出批评，还挑战“一个中国”的政策。这些言论让各国紧张不安，唯一的例外是俄罗斯。
简报：解码华信掌门人叶简明；英国首相避免下台危机,前加拿大外交官康明凯遭北京国安局审查；美国将加大对中国黑客打击；中国异见诗人孟浪于香港病逝；“金正恩面膜”在韩国下架……新闻简报带你速览今日要闻。
国内经济放缓，中国政府克制处理与美国紧张关系,受经济放缓影响，中国政府对孟晚舟被捕事件做出谨慎回应。而贸易战、外国投资减少的前景也从内外部给习近平造成压力，这使中国在与美国进行贸易谈判时受到制约。
简报：孟晚舟获保释；前加拿大外交官在中国被捕,《时代》周刊2018年度人物揭晓；特朗普威胁关停美国政府；台湾面包店陷“台独”风波；中国证实将与美国开启新一轮贸易谈判……新闻简报带你速览今日要闻。
刘鹤访美，力图避免中美贸易战爆发,习近平最高经济顾问刘鹤访美，试图化解中美之间迅速升级的紧张关系，推动重启经济会谈。但其此行任务艰巨，特朗普政府似乎不愿与中国打交道，并可能对华采取严厉制裁。
简报：华为CFO在加拿大被捕；“关税人”扰乱全球市场,Facebook再曝数据丑闻；美国为老布什举行国葬；中国风投寒冬来临；古巴全面开放手机上网功能；CBS前总裁不正当性行为细节曝光……简报带你速览今日要闻。
无视北京警告，美国重申对台湾防务承诺,在习近平发出严厉警告，称中国对台湾的主权不容挑战之后，美国国务院官员重申了对台湾的防务承诺，称美国的目标是确保台湾人民能够捍卫民主，不受胁迫。
“习特会”后中美暂停贸易战，分歧犹存,特朗普做出让步，推迟加征新关税；中国则承诺增加购买美国商品。双方将在未来90天展开谈判，以求达成更广泛的协议，但能否弥合根深蒂固的分歧仍不可知。
简报：贸易战中美口径不一；学者向习近平提忠告,卡塔尔宣布退出OPEC；斯里兰卡政治危机升级；俄罗斯“联合号”火箭顺利升空；46名中国工人在日本失踪；杜特地失言再引争议……新闻简报带你速览今日要闻。
早报：易纲将任中国央行行长；揭秘间谍暗杀工具,特朗普称“通俄门”调查为党派攻击；普京连任几无悬念；柬埔寨首相拒绝西方转而亲中；新加坡连续五年成全球生活成本最高城市......新闻早报带你速览今日要闻。
谎言、毛泽东，和一部魔盒一样的神剧,美国华裔作家陈纪东的剧作《逮捕》包含许多相互交叉的主题：真实与虚构之间的模糊界线、文化剽窃、中国的审查制度以及美国人对中国的各种看法。
简报：中美走向对抗；贺建奎为基因编辑婴儿辩护,中美贸易战或现转机；新西兰禁止华为参建5G网络；全球学者抵制中国马克思主义大会；“海绵宝宝”创作者去世；歌手陈羽凡吸毒被拘……新闻简报带你速览今日要闻。
被美国忽视的间谍活动威胁：中国,对俄罗斯干预大选的关注掩盖了中国间谍活动对美国造成的重大损害。CIA内奸案说明，中国更为耐心、熟练地渗透了美国的情报机构。
简报：回溯中国改革40年；杜嘉班纳陷辱华风波,"被中国“重写”的好莱坞剧本；特朗普曾拟命令司法部起诉希拉里和前FBI局长科米；里根号航母停泊香港；郭文贵与班农合作欲调查中国政府……简报带你速览今日要闻。
"
简报：“莆田系”医院发迹史；中美争夺太平洋,特朗普将向习近平重提对朝制裁；美议员敦促特朗普回应中国拘禁维族穆斯林；英国两内阁大臣辞职，政府陷入动荡；加拿大“卡戴珊姐妹”……新闻简报带你速览今日要闻。
美商务部拟对中兴实施技术出口限制,美方称中兴违反美国的出口法规，向伊朗销售管控物品。此举可能是为了向中国施压，促使其配合旨在遏制核武器扩散的贸易禁令，而并非刺激本就紧张的中美技术贸易关系。
美国，中国人又爱又恨的“外部敌人”,在国家宣传的影响下，中国人对美国的态度矛盾而极端。中国政府将美国塑造成强大而心怀恶意的外部敌人，从而维护自身的合法性。
日韩慰安妇协议遭两国舆论批评,韩国慰安妇幸存者拒绝接受非战争赔款形式提供的资金，部分民众则不满赔偿金额；朴槿惠的政治对手攻击她“叛国”。安倍也受到极右翼选民的批评，但也可能收获温和派支持。
在中美之间，东盟国家选择骑墙,马来西亚等东南亚国家对中国崛起存有戒心，但也并不愿彻底投入美国怀抱，与中国决裂。这种“骑墙”政策很适合摄乎大国之间的小国。
731部队罪证陈列馆和一段残酷历史,研究陈列部主任高玉宝接受采访，称修建该馆意在还原日本生物战罪行和美国姑息隐瞒的真相，强调不会出于政治考虑歪曲历史。
伊核协议不完美但很必要,美国努力将伊朗核能力限制在民用，而不是将之销毁，因为那是不可能的。10年协议能为双方赢得时间，建立正常关系。
中国大阅兵是否邀请普京观礼？,中国将于9月举行纪念抗日战争胜利阅兵式，还将邀请外宾登上天安门观礼，普京几乎肯定会出席。美国人则将回避这场阅兵式。
“纸牌屋”吗？解读中国人眼里的美国大选,几位留美年轻学者在大选之际制作播客，试图以专业学识解释美国政治的细微之处。在采访中，其中一位谈到多数中国人不喜欢希拉里、华人越来越喜欢共和党等问题的原因。
奥巴马莫对习近平时代的中国示弱,让我们这些热爱中国的外国人日益失望的是，习近平治下的中国比以前更强硬，政治管控更严厉，民族主义倾向更强。奥巴马此行不可示弱。
中国要求美国应停止对华抵近侦察,美国国家安全顾问赖斯周二结束访华，为11月北京“习奥会”打前站。中央军委副主席范长龙要求美国停止舰机抵近侦查。与此同时，前总统卡特在中国受冷遇。
克里呼吁美中求同存异展开合作,美国务卿克里在北京努力强调美中关系的积极因素，称两国在地区和平、气候变化等领域有广阔的合作空间。他还称美国无意反制中国。
克里敦促中国缓解争议海域紧张局势,"中美高层战略与经济对话开幕，习近平强调中美合作。克里在闭门会议中敦促杨洁篪，在南海及东海避免单边行动，缓解地区紧张。


"
陈光标继续尝试收购《纽约时报》,善于吸引眼球的中国富豪陈光标半年内二次赴美，表示仍计划收购《纽约时报》。纽约时报公司发言人明确表示，时报无意对外出售。
美国不该插手中日东海之争,中日东海主权之争，美国需要做的是袖手旁观，而非采取行动。钓鱼岛实际的战略或经济价值很有限，不值得为此而破坏世界三大经济体的关系，是时候把争议搁置了。
中国外长王毅就领土争议强硬表态,王毅在中国“两会”期间一场记者会上表示，中国在日本问题上“没有妥协的余地”，对待与东南亚国家的海洋争议“绝不接受以小取闹”。
中国的繁荣归功于慈禧太后？,张戎新书《慈禧太后：启动现代中国的皇妃》为西太后平反，称她是坚定的改革者，开中国现代化之端。作者能接触到大量史料，自称持论公允。学界对这部慈禧传持谨慎态度。
美国华裔族群的亚文化圈,"在ABC这个大概念下，不同的美籍华裔小孩由于成长环境和社交圈子的熏陶感染，也会呈现出截然不同的文化身份特征。
——刘邓扬，北京"
指责俄罗斯并不解决美国自身问题,美国人谴责俄罗斯，一部分是冷战思维的延续，另一部分是美国外交的无能激起了失望情绪。归咎于俄罗斯不能解决问题，美国还需处理好自己的事。
习近平会见“老朋友”朴槿惠，重点谈朝鲜,韩国总统朴槿惠来华，与称她为“老朋友”的习近平会谈。朝核是的主要议题，中韩可能在半岛无核化问题上达成共识。朴槿惠会说中文，仰慕中国文化，这对她此行很有帮助。
贸易战后，华人特朗普支持者变心了吗,王湉是“华裔北美川普助选团”的带头人。他在采访中谈到，中美贸易战为何是双赢，华人的价值观跟特朗普何其接近，为何美国对华人的疑虑无需担心。
中国政治打压范围扩张至海外,台湾活动人士李明哲在大陆被捕、瑞典公民达林在中国被羁押，类似事件频繁发生。批评者称中国正肆无忌惮地在全球扩大打压范围，遏制所谓的海外势力威胁。
朝鲜宣布暂缓兑现轰炸关岛的威胁,针对特朗普的威胁言论，朝鲜曾扬言将在8月中旬用导弹轰炸关岛周围水域。平壤周二放出了缓和信号，称将暂缓执行。下周美韩按计划将举行联合军演。
爱国还是卖国：我的课堂是否被政治正确绑架 ,"中国该不该放弃朝鲜？日本军国主义会复活吗？美国世纪即将结束？在中国东北一所大学执教的日本作者用这些问题来测试他的学生是否被某种官方的“政治正确”所绑架。
"
“双赢”难免成虚话，中美翻脸比翻书快,习近平访美之后形成的短暂友好关系最近迅速瓦解。就在中国对美国牛肉解禁后不久，美国宣布对台军售和制裁与朝鲜有非法交易的中国公司，激怒了中国。
习近平和特朗普的蜜月可能快结束了,中美之间暂时的友好关系建立在习近平帮特朗普管束朝鲜的基础上，但在这方面，白宫认为中国的努力未见成效。中美在贸易、南海等问题上会再起摩擦吗？
寄望于习近平，特朗普在朝鲜问题上押错注?,特朗普认为在约束朝鲜方面，习近平会是他的伙伴，希望中国加强对朝施压。但目前为止中国没有采取有效行动，这让特朗普政府在处理朝核问题时无计可施。
中兴“起死回生”背后：花费重金在华盛顿游说,为避免破产的命运，中兴选择了一种非常美国式的解决办法：游说。中兴在三个月里花费近140万美元，大举聘请华盛顿说客，最终说服国会放松了对它的处罚。
不讲中文的“赵氏孤儿”：导演陈士争的颠覆与回归,阔别中国公众舞台二十多年后，戏剧导演陈士争将带着《赵氏孤儿》和《霸王别姬》的改编版本回归北京。他期待颠覆观众的期待，打造既有解放性，同时也很酷的新经典。
特朗普和习近平的兄弟情谊注定难持久,特朗普多次公开赞扬习近平，但分析认为，这种表面的亲热难以克服中美之间深刻的分歧。朝鲜问题上，特朗普很难通过与习近平套近乎换来他想要的东西。
朝鲜危机当头，美国不愿在南海挑战中国,朝鲜每发射一次导弹，特朗普对习近平的好感就会增加。他曾在竞选中指责中国在南海兴建岛屿，批奥巴马软弱。如今，美国军舰已不再靠近争议岛礁。
中共领导如何忽视自己的改革经验,"“两会”召开之际，中国面临着充满不确定性的困境。“中国模式”专家洪源远认为，政治自由空间的收缩阻碍了政府的创变力，但改革开放的经验提供了面对当前危机的思路。
"
中美贸易冲突升温之际，福特向中国出口皮卡,尽管两国存在贸易不平衡，但中国消费者对美国品牌表现出了持久且利润可观的需求。中国政府也放松了对皮卡的限制，以推动消费。此外，相对低廉的税费也更吸引消费者。
佛州晚宴上，习近平被告知美国空袭叙利亚,习近平与特朗普的首次会晤成了美国向中国领导人展示军事实力的场合。特朗普一边款待客人，一边告知对方美国已经空袭了叙利亚。据说习近平听后表示理解。
中国是时候抛弃委内瑞拉了,支持委内瑞拉曾为中国带来外交红利。但如今马杜罗政府四面楚歌，中国若没有远见放弃这个腐败无能的魔鬼，就可能重蹈在利比亚的覆辙。
特朗普成了中国眼中的纸老虎,特朗普曾宣称要拿台湾作为与北京打交道的筹码，与蔡英文通话也激怒了中国。但上周特朗普的态度大逆转，承认了“一个中国”原则。他的强硬形象大打折扣。
中国压力下，蔡英文努力维护中美洲邦交,与台湾保持外交关系的国家正在减少。这些国家中，不少都在中美洲。当海峡两岸关系缓和时，这些国家周旋于台北和北京之间，两面获益。但那个缓和期如今已经过去。
中国抗议美参议员克鲁兹会见蔡英文,蔡英文过境美国时与参议员克鲁兹等会面，谈及军售外交，遭中方抗议。分析称蔡英文意在谋求与共和党建立更深联系。克鲁兹称中国无权干涉美国与谁会面。
中国航母进入南海争议海域，挑战特朗普,中国唯一的航母辽宁舰本周编队在台湾和日本海岸附近巡逻。分析人士称此举是对特朗普批评中国的回应，传达的信息是：中国会奉陪到底。
尼克松见毛泽东之前记了笔记，特朗普呢？,1972年，尼克松在与毛泽东举行历史性会晤之前记了笔记，把两国的历史、政治和战略提炼为几个要点。假设特朗普也准备了一份笔记，上面会写些什么呢？
亲爱的美国，你为何让我们失望？,我不是美国人，却是在“美国世纪”长大的那一代。我们对美国文化耳熟能详，而且会继续喜爱其中的精髓。但特朗普让我为我们的未来担心。
特朗普选定习近平的“老朋友”任驻华大使,艾奥瓦州州长布兰斯塔德与习近平有私交，同时又是特朗普坚定的支持者。中国对这一选择表示欢迎。严厉指责中国经济政策的特朗普似乎有意缓和关系。
对“特朗普总统”，时报华人读者有话说（一）,中国读者对特朗普当选后的国际政治格局和亚洲地区事务充满关切，同时有人担忧国内政治高压会进一步加剧。也有人期待特朗普能更深入地了解中国，改善两国关系。
特朗普当选对亚洲是福是祸？,特朗普竞选中提出的亚洲政策曾引发日韩等国担忧。如果美国真从亚洲抽身而去，是否将诱发区域军备竞赛？另有观点认为，特朗普当选对中国意味着战略机遇。
特朗普对华态度放软，称愿重新考虑对中兴处罚,特朗普称他正与习近平合作，愿重新考虑对中兴的处罚，以防止该公司倒闭。此举缓解了美中之间的贸易紧张局势，也表明两国若陷入技术冷战将面临棘手的局面。
大选年反华言论如潮，阴云笼罩中美峰会,习近平再次访美之际，正值美国总统选举鏖战正酣，两党候选人争着向中国放出狠话。相比之下，奥巴马可能是中国人所能遇到的最友善的美国总统了。
裴敏欣：腐败将迫使中国结束一党专政,政府学教授裴敏欣指出，由于意识形态衰退和统治精英的腐败，中共的一党专政到2030年时将无法持续。有限的民主化改革和激进的“革命式改革”将改变中国。
白杰明：要读懂“习大大”，得先理解“毛爷爷”,中国专家白杰明称习近平时代融合了统治国家的各种“黑魔法”，习本人渴望成为毛泽东那样玩弄帝王传统的专家，却缺少领袖魅力。中国的民族主义失控多年。
中国鹰派大校刘明福谈中美地缘政治较量,中国军方鹰派学者刘明福主张中国应增强军事实力与美国抗衡。他的《中国梦》发表于2010年，习近平上台后提出了中国梦的口号。
美国前财长保尔森谈如何与中国打交道,保尔森的新书回顾了他与中国领导人的接触和中美高层政治风云。访谈中他谈到亚投行、TPP，也评论了印象中的习近平和王岐山。
中国造埃博拉救命药卷入专利纠纷,美国和加拿大持有专利的ZMapp药物治疗埃博拉效用显著却极稀缺，北京一家小型制药公司几乎原样复制了该药，却涉嫌侵犯专利。
冷战模式重启，美国怎么办？,西方联合制裁俄罗斯，中美在南海展开博弈，新冷战模式下，美国应该拿好胡萝卜和大棒，因为美国经济健康发展是维持全球稳定的关键因素。
纽约华人老店的前世今生,1971年开业的珠江百货因付不起高昂租金将于年底关门。店主程明怡和朱敬业夫妇给在店里工作的新移民提供了更好的生活。他们即将告别这个承载了许多历史的温馨之地。
中美同意取消多项高科技产品关税,美国政府宣布，中美扩大信息技术贸易协议的谈判取得突破，双方同意取消逾200个门类的产品关税。这可能是奥巴马此次访华的最实质性成果。
中国新一轮反西方舆论战争中，我成了靶子,毛时代的中国，一切西方的都被批判。邓小平的实用主义改变了中国对西方的态度。但习近平上台以来，反西方舆论再次盛行，我作为一名驻华记者也躺着中枪。
美国对中国幻灭：习近平持续掌权或加剧两国冲突,习近平试图无限期掌权，这打破了华盛顿对于中国正逐渐与美国融合、两国应努力控制冲突的共识。中国与西方民主背道而驰，很多人认为两国冲突将不可避免。
美海军上将登上中国航母，中美海军在猜疑中接触,美国海军作战部长格林纳特上周登上了中国航母辽宁舰，两国海军合作迈出了象征性的一步。同时，中美在亚太的竞争正在加剧，中国首次参加环太平洋军演也引发了争议。
哪些问题不准出席李克强记者会？,每年，中国总理在人大闭幕后会见记者并向世界直播，这其实是和很多西方媒体合演的一出戏。记者的问题须经事先沟通和批准，今年关于周永康和昆明惨案的问题便被排除。
亚洲国家平静面对本轮美债危机,这一次，包括中国在内的亚洲国家没有高调表达对美国债务违约的担忧，市场的反应也很平淡。各方不认为美国真的会违约，对华盛顿的闹剧也渐渐习以为常。
中国政府能否淡然面对经济放缓？,对于经济放缓、进出口疲软，中国政府表现镇定，总理李克强表示宏观调控要立足当前、着眼长远，下周一将出炉的GDP数据将再一次考验政府的态度。
走进安纳伯格庄园，习奥轻松会晤之所,安纳伯格夫妇营建的加州豪华庄园曾接待多位政要。其内部陈设着中国古代瓷器、雕塑及景泰蓝，定能让北京的客人感到宾至如归。
简报：中国经济走到十字路口；如何培养男子汉？,马云“共产党员”身份曝光；中国外逃官员美籍子女被限制出境；中国正建造第三艘航母；美连环杀手自供犯下90起谋杀；苹果股价持续走低……新闻简报带你速览今日要闻。
简报：中国如何控制公民；台湾选举民进党大败,北京新机场彰显中国的实力和弱点；欧盟批准英国脱欧协议草案；港珠澳大桥大陆观光客引争议；朝韩计划连接铁路；为什么摆脱煤炭这么难……新闻简报带你速览今日要闻。
中国和日本，谁在靠近谁？,"时隔7年，日本首相安倍晋三本周将对中国进行正式访问。经过多年的挣扎与不信任，两国为何在眼下这个节点试图改善双方关系？日方为何自认为这次可能占有谈判优势？ 
"
特朗普与习近平：两个强势领袖如何正面交锋,与特朗普的会面将考验习近平的政治才能。为了在国内巩固强人领袖的形象，他必须表现得足够强势与坚定。但特朗普不好对付，中美之间的矛盾也格外棘手。
驻华记者出身的白宫高参将出席中美峰会,习近平会见特朗普时，白宫亚洲政策顾问波廷格也将在场。波廷格曾在中国做记者。他回忆说：中国经历让他看到一个非民主国家能对它的公民做些什么。
“特朗普风险” 能让日本和中国拉近距离？,特朗普外交上的不确定性令亚太笼罩在焦虑中，因为台湾、朝核问题的变数，日中恐怕都面临战略调整。面对特朗普，日中究竟是战略竞争升级，还是有了共同语言和共同利益？
TPP搁浅成定局，中国成最大赢家,TPP是奥巴马“重返亚洲”战略的重点，意在遏制中国不断增长的野心。特朗普当选后TPP已成一纸空文，亚太各国纷纷转向，寻求与中国签订自贸协定。
北京就台湾问题放狠话，特朗普也不示弱,《人民日报》海外版周一发出警告，称给中国找麻烦就等于自找麻烦。特朗普的态度也没有缓和。他在周日发推文，继续在贸易和南海问题上抨击中国。
特朗普当选总统，美国的对手笑了,普京和习近平第一时间向特朗普发去贺电。从中俄立场来看，西方的衰落是它们的机遇，而且这些国家在人权自由方面受到美国批评，现在它们可以嘲笑美国了。
55亿美元的华丽梦想：米老鼠来到中国,迪士尼乐园终于来到了中国。为了这个东方市场，迪士尼极力迎合中国政府和消费者。上海开业庆典上下着雨，中国副总理汪洋说：“下的是美元和人民币”。
习近平和他的核心集团,习近平政府似乎是中共60多年来最难以揣测的。习本人大权独揽，各部官僚只能辅助而已。决策集中于少数心腹组成的核心集团。
这一次，奥巴马怎样对付习近平？,习近平远比很多白宫官员预想得更强硬。奥巴马应该针锋相对，摆明立场，还是淡化冲突？两种策略他都尝试过，效果不尽理想。
令计划之弟潜逃美国，或寻求政治庇护,中国正向美国施压，要求遣返令完成，奥巴马政府至今未予同意。鉴于他可能掌握中国高层机密，如果令完成申请政治庇护，将是美国情报机构的巨大收获。
中国挑战：一位美国前内阁官员的视角,普林斯顿教授柯庆生曾在布什政府担任副助理国务卿，负责亚太事务。他在《中国挑战》一书中认为，美国应该接受甚至鼓励中国崛起，学会管理（而非解决）中美外交问题。
邓小平外孙女婿名下企业买下华尔道夫酒店,40年前，首次访美的邓小平下榻纽约华尔道夫酒店，并在此与基辛格把酒言欢。而今，中国安邦保险斥20亿美元巨资买下这座豪华酒店。这家企业由邓小平外孙女婿吴小晖掌管。
我在哈佛见识的中国高材生,在研究中国的美国学者面前，一些留学哈佛的中国学生表现得不仅谦卑，甚至有些自卑。他们应该看清自己的优势，勇于独立思考、表达，而不是满足于给美国学者当情报员。
四部美剧禁播，新政浮出水面,上周末中国视频网站上《生活大爆炸》等四部热门美剧被禁播。多年来审查机构对视频播放海外剧的审查相对宽松，如今开始酝酿一系列措施，全面收紧在这一领域内的控制。
奥巴马“转向亚洲”战略内外受阻,奥巴马周二开始亚洲之行，将试图重申美国在亚洲的军事存在。国内的政治压力及全球地区危机让他的战略转向一直难以施行。
米歇尔·奥巴马访京亲近中国文化,美国第一夫人在彭丽媛陪同下，开始了她对中国的友好之旅。她们参观了北京一所知名高中和故宫，严格安排的行程让气氛略显呆板。
东海和南海形成“新常规”,中国外交新政策表明，它希望让美国和周边国家在心理上逐渐适应它作为地区强国的崛起。但中美在周边海域危机预防机制的缺乏很可能导致各方难以承受的后果。
中国向外媒施压迫使拜登出言警告,中国似乎准备在年底前迫使20多名美国驻华记者离开中国，外国媒体所受压力显著增加，致使美国政府首次对相关后果提出公开警告。
黑客频频攻击美国大学,美国的研究型大学正在遭受越来越多的网络攻击，大部分攻击被怀疑来自中国。各学校被迫加强安全防御，有些学校甚至要求教职工不要带电脑和手机出境。
斯诺登抵达俄罗斯，拟前往厄瓜多尔政治避难,美国通缉的揭秘者斯诺登周日自香港飞抵莫斯科。美国曾要求香港引渡斯诺登，并在此前一天宣布斯诺登护照作废。香港当局称美方未满足港方抓人的司法要求。
中美在网络安全方面仍有分歧,习近平和奥巴马在加州非正式会谈中，就朝鲜无核化及降低氢氟烃排放等议题达成了共识，但在网络攻击、对台军售、南海争端及汇率操控方面仍存分歧。
“习奥会”达成中美合作总体共识,中美领导人说，他们在加州会晤中，就国际安全和经济关系等议题达成了重要共识。但要将这些总体共识变为具体合作，还需时日。“习奥会”虽属非正式，但仍遵循了主要外交仪轨，只是省去了领带。
中美加州峰会意在建立私人友谊,中美元首希望在非正式场合来一次深入交流，建立私人感情，也为增进两国互信。奥巴马和习近平的加州会晤也许就是这样一次安排。
经济改革停滞了吗？是什么倒逼习近平求变,作者认为，今年中国会开启一些多年来不曾推进或推进不下去的改革，这虽然与习近平的个人愿望有关，但还有一些更大的推进因素。
郭文贵，逼迫中国做出让步的流亡者,过去几个月中，流亡美国的亿万富翁郭文贵把Twitter当作扩音器，对中国官员提出贪腐指控。然而此前高调打压郭文贵的中国政府，突然间作出了让步……
吃不吃特朗普的巧克力蛋糕？中日如何不被利用,中日两国元首先后与特朗普完成了会面，后者对于美国与这两个国家的贸易关系也都施加了压力。日本和中国是否有可能就“特朗普风险”进行合作呢？
美国警惕在吉布提的新邻居：中国军事基地,专家称该基地标志着北京日益扩大的野心，及对美国军事主导地位的潜在影响。美国战略人士担忧美军受到监视，并怀疑吉布提与华盛顿的盟友关系能否长久。
日韩达成慰安妇协议对中国意味着什么？,日本与韩国各自出于战略务实的考虑，就慰安妇问题达成协议。这个历史突破是在美国的介入与持续施压下实现的，也可以放在美日韩同盟的背景下解读。中国对此做何感想？
周恩来的逝世留给中国一个不确定的未来,1976年1月8日，周恩来在北京逝世。中国正在努力挣脱文革深渊，向着稳定与经济发展的道路走去。中国未来的领导人究竟会是谁？他们将把中国引向何方？
解读习近平的党国民族主义,习近平上台以来，中国民族主义情绪在民间的自发表达受到更多压制，代之以自上而下的官方表达。政府担心草根运动会威胁稳定。康奈尔大学的白洁曦就研究了中国的民族主义。
跟随华语电影游纽约,无论是蜚声全球的地标，还是不起眼的角落，纽约在华语影视作品里呈现出异常丰富的内涵。跟随这些作品畅游纽约，让银幕传奇与眼前景观融汇在一起，体会其中的传承与变化，不失为一桩乐事。
与弗里德曼对谈：中美才是“一国两制”关系,中国与美国深度相互依存，又及其缺乏互信；美国有生机勃勃的底层社会，中国有雄心勃勃的顶层设计，但那种设计能有多少回报？
奥巴马“重返亚洲”：国际政治中的“刻奇”,奥巴马任内高调提出“重返亚洲”，实际并未改变中国在周边地区影响力上升，更富扩张性的态势。“重返亚洲”在日本和东南亚引发共鸣，更像是“刻奇”带来的廉价感动。
香港舞蹈家曹诚渊：现代舞不对抗,中港两地对抗情绪渐涨的情况下，香港舞蹈家曹诚渊希望借由现代舞展示香港文化纯粹一面，并认为香港的发展与整个中国紧密连接，现代艺术的意义是沟通，而非对抗。
中国复兴之路，一次持续两百年的长征,中国通夏伟和鲁乐汉在新书《富强：中国通往21世纪的长征》中认为，中国的近现代史像是一系列琐碎的独幕剧，而对复兴的追求一直处于中国政治和学术思想的核心。
毛泽东讣告（四）：从星星之火到最长的巅峰,毛建立了极富个人色彩的党和政权。此后他在好战和现实主义间摇摆，中国的发展也随之迂回曲折。文革则是他人生中最长的一次巅峰，凝聚了他青睐的所有主题。
改变中国历史轨迹的邓小平,本文是时报发表于1997年的长篇讣文，总结了邓小平的政治生涯和他带给20世纪中国的深远影响。邓小平逝世20周年之际，中文网特将此文再次刊出。